Date,Year,Month,Month_Num,Quarter,Product,Region,Supplier,Actual_Demand,Forecast_Demand,Inventory_Start,Inventory_End,Revenue,COGS,Cost_Per_Unit,Lead_Time_Days,On_Time_Delivery,Quality_Pass,Order_Qty,Safety_Stock
2023-01-01,2023,Jan,1,Q1,Diesel HSD,North,Supplier_E,1017,1102,1541,1417,38317.83,33557.68,33.0,6,1,1,926,152
2023-01-01,2023,Jan,1,Q1,Diesel HSD,South,Supplier_D,2628,2401,2675,2079,180751.4,156501.32,59.55,19,1,1,2389,394
2023-01-01,2023,Jan,1,Q1,Diesel HSD,East,Supplier_C,2576,2542,4487,3919,261420.98,223726.83,86.85,7,1,1,2351,386
2023-01-01,2023,Jan,1,Q1,Diesel HSD,West,Supplier_D,2748,2800,3469,2662,150942.26,137444.51,50.02,9,1,1,2568,412
2023-01-01,2023,Jan,1,Q1,Petrol MS,North,Supplier_B,2800,2936,3287,3029,277180.34,255002.54,91.07,14,0,1,2854,420
2023-01-01,2023,Jan,1,Q1,Petrol MS,South,Supplier_E,2784,2530,2378,1905,216823.47,196350.08,70.53,15,1,1,2547,417
2023-01-01,2023,Jan,1,Q1,Petrol MS,East,Supplier_A,2743,2495,2212,2283,367013.3,306918.26,111.89,7,0,1,2970,411
2023-01-01,2023,Jan,1,Q1,Petrol MS,West,Supplier_C,600,569,525,419,44684.76,37364.3,62.27,5,1,1,625,90
2023-01-01,2023,Jan,1,Q1,LPG,North,Supplier_D,3826,3522,4236,3150,461025.36,429989.51,112.39,15,1,1,3807,573
2023-01-01,2023,Jan,1,Q1,LPG,South,Supplier_C,4105,3660,6261,5915,235902.67,190463.62,46.4,4,1,1,3781,615
2023-01-01,2023,Jan,1,Q1,LPG,East,Supplier_A,3326,3708,3955,3119,271609.79,220576.06,66.32,15,1,1,3333,498
2023-01-01,2023,Jan,1,Q1,LPG,West,Supplier_A,3723,3298,4486,4773,266387.74,230886.99,62.02,19,1,1,3534,558
2023-01-01,2023,Jan,1,Q1,Kerosene SKO,North,Supplier_E,3479,3111,6948,6275,578867.81,511273.65,146.96,3,1,1,3500,521
2023-01-01,2023,Jan,1,Q1,Kerosene SKO,South,Supplier_E,3104,2863,4986,5000,188877.56,157971.5,50.89,4,1,1,2849,465
2023-01-01,2023,Jan,1,Q1,Kerosene SKO,East,Supplier_B,820,822,1340,1375,55957.52,51147.22,62.37,5,1,1,753,123
2023-01-01,2023,Jan,1,Q1,Kerosene SKO,West,Supplier_B,863,833,1660,1448,59560.55,55524.23,64.34,5,1,1,946,129
2023-01-01,2023,Jan,1,Q1,Bitumen,North,Supplier_A,3179,3652,6226,5982,465930.91,428347.12,134.74,5,1,1,3405,476
2023-01-01,2023,Jan,1,Q1,Bitumen,South,Supplier_A,3406,3764,6548,6596,424864.2,364334.62,106.97,5,0,1,3273,510
2023-01-01,2023,Jan,1,Q1,Bitumen,East,Supplier_D,3739,3909,3997,3940,211976.32,190099.66,50.84,10,1,1,3790,560
2023-01-01,2023,Jan,1,Q1,Bitumen,West,Supplier_C,1154,1072,1261,1363,100794.08,82052.52,71.1,4,1,1,1192,173
2023-01-01,2023,Jan,1,Q1,Lubricants,North,Supplier_E,3145,2938,2607,2475,167528.3,135311.7,43.02,16,1,1,2840,471
2023-01-01,2023,Jan,1,Q1,Lubricants,South,Supplier_A,2218,2253,3297,3501,73430.02,66085.34,29.8,5,1,1,2411,332
2023-01-01,2023,Jan,1,Q1,Lubricants,East,Supplier_B,997,868,1047,1015,73121.94,66424.21,66.62,4,1,1,924,149
2023-01-01,2023,Jan,1,Q1,Lubricants,West,Supplier_B,3833,3595,6789,6881,627064.69,508713.47,132.72,9,1,1,3947,574
2023-01-01,2023,Jan,1,Q1,Naphtha,North,Supplier_C,3573,3987,2976,2731,325861.67,275126.85,77.0,19,1,1,3473,535
2023-01-01,2023,Jan,1,Q1,Naphtha,South,Supplier_D,2344,2574,2638,2839,226888.68,186217.84,79.44,17,1,1,2171,351
2023-01-01,2023,Jan,1,Q1,Naphtha,East,Supplier_E,4125,3905,7236,6445,338781.58,317898.42,77.07,11,1,1,4467,618
2023-01-01,2023,Jan,1,Q1,Naphtha,West,Supplier_E,2552,2241,2601,2789,303089.08,262792.65,102.98,5,1,1,2683,382
2023-01-01,2023,Jan,1,Q1,ATF,North,Supplier_B,2554,2241,2331,1882,408307.19,376297.09,147.34,18,1,1,2535,383
2023-01-01,2023,Jan,1,Q1,ATF,South,Supplier_B,3969,4106,6200,5081,320432.82,272668.87,68.7,3,1,1,4060,595
2023-01-01,2023,Jan,1,Q1,ATF,East,Supplier_D,719,616,1080,1134,76870.33,68169.57,94.81,3,1,1,782,107
2023-01-01,2023,Jan,1,Q1,ATF,West,Supplier_A,3327,3101,3518,3021,97873.02,83391.94,25.07,10,1,1,3220,499
2023-02-01,2023,Feb,2,Q1,Diesel HSD,North,Supplier_E,516,456,844,819,82810.43,69180.82,134.07,6,1,1,547,77
2023-02-01,2023,Feb,2,Q1,Diesel HSD,South,Supplier_A,1421,1366,2460,2227,244774.85,200358.8,141.0,15,1,1,1386,213
2023-02-01,2023,Feb,2,Q1,Diesel HSD,East,Supplier_A,4013,4406,4751,4984,298081.82,283302.62,70.6,14,1,0,4154,601
2023-02-01,2023,Feb,2,Q1,Diesel HSD,West,Supplier_A,3814,3755,4393,3750,491868.3,409728.1,107.43,9,1,1,3476,572
2023-02-01,2023,Feb,2,Q1,Petrol MS,North,Supplier_B,2959,3169,4305,4252,512797.99,431791.34,145.92,14,1,1,2915,443
2023-02-01,2023,Feb,2,Q1,Petrol MS,South,Supplier_E,1326,1454,2184,1829,51320.47,41144.33,31.03,3,1,1,1434,198
2023-02-01,2023,Feb,2,Q1,Petrol MS,East,Supplier_B,1766,1700,1589,1608,185567.99,163518.45,92.59,9,1,1,1732,264
2023-02-01,2023,Feb,2,Q1,Petrol MS,West,Supplier_A,3283,2907,3089,2956,448077.96,384064.49,116.99,19,1,1,3241,492
2023-02-01,2023,Feb,2,Q1,LPG,North,Supplier_E,2001,2283,1704,1816,221364.16,177290.89,88.6,6,1,0,2010,300
2023-02-01,2023,Feb,2,Q1,LPG,South,Supplier_C,1446,1356,2884,2853,121109.78,101142.26,69.95,14,0,1,1415,216
2023-02-01,2023,Feb,2,Q1,LPG,East,Supplier_E,998,899,1573,1428,54852.33,49721.67,49.82,11,1,1,904,149
2023-02-01,2023,Feb,2,Q1,LPG,West,Supplier_A,2857,2567,5408,5490,489895.68,409905.19,143.47,4,1,1,2886,428
2023-02-01,2023,Feb,2,Q1,Kerosene SKO,North,Supplier_C,1312,1434,2603,2288,143672.11,127574.93,97.24,19,1,1,1289,196
2023-02-01,2023,Feb,2,Q1,Kerosene SKO,South,Supplier_E,679,592,1106,1047,98332.84,79774.62,117.49,7,1,1,643,101
2023-02-01,2023,Feb,2,Q1,Kerosene SKO,East,Supplier_B,2605,2687,2798,2716,293227.42,261429.13,100.36,4,1,1,2504,390
2023-02-01,2023,Feb,2,Q1,Kerosene SKO,West,Supplier_E,2270,2311,4204,3889,89684.29,84947.89,37.42,16,1,1,2104,340
2023-02-01,2023,Feb,2,Q1,Bitumen,North,Supplier_D,1690,1635,2239,2343,127167.13,110311.73,65.27,12,1,1,1570,253
2023-02-01,2023,Feb,2,Q1,Bitumen,South,Supplier_C,3566,3307,4817,5145,334376.87,299687.9,84.04,13,1,1,3301,534
2023-02-01,2023,Feb,2,Q1,Bitumen,East,Supplier_B,3761,3400,6152,5643,579636.96,502700.11,133.66,7,1,1,3408,564
2023-02-01,2023,Feb,2,Q1,Bitumen,West,Supplier_A,839,804,1178,1157,25489.52,21067.78,25.11,17,1,1,818,125
2023-02-01,2023,Feb,2,Q1,Lubricants,North,Supplier_B,4141,4521,7031,6094,219781.84,195519.02,47.22,16,1,1,3757,621
2023-02-01,2023,Feb,2,Q1,Lubricants,South,Supplier_A,2130,2289,1781,1880,158869.64,140663.21,66.04,7,1,1,2275,319
2023-02-01,2023,Feb,2,Q1,Lubricants,East,Supplier_D,498,556,753,738,70189.57,61050.95,122.59,17,1,1,506,74
2023-02-01,2023,Feb,2,Q1,Lubricants,West,Supplier_A,2544,2849,3889,3374,240692.12,215660.48,84.77,3,1,1,2475,381
2023-02-01,2023,Feb,2,Q1,Naphtha,North,Supplier_E,3046,2669,5382,4536,418256.11,394459.51,129.5,6,0,0,3092,456
2023-02-01,2023,Feb,2,Q1,Naphtha,South,Supplier_C,4663,5106,5173,4092,616188.63,498584.83,106.92,10,1,1,4387,699
2023-02-01,2023,Feb,2,Q1,Naphtha,East,Supplier_E,1570,1428,2643,2504,211519.73,175745.66,111.94,13,0,1,1599,235
2023-02-01,2023,Feb,2,Q1,Naphtha,West,Supplier_A,1199,1067,1050,1165,89959.19,74225.29,61.91,7,1,1,1192,179
2023-02-01,2023,Feb,2,Q1,ATF,North,Supplier_C,2485,2191,4524,4519,224653.14,181671.83,73.11,11,1,1,2696,372
2023-02-01,2023,Feb,2,Q1,ATF,South,Supplier_E,3580,3947,3464,3528,179124.18,165437.35,46.21,7,1,1,3596,537
2023-02-01,2023,Feb,2,Q1,ATF,East,Supplier_E,4019,4125,6509,6029,557541.05,453309.92,112.79,8,1,1,4081,602
2023-02-01,2023,Feb,2,Q1,ATF,West,Supplier_C,2713,2618,3939,4108,294559.51,274422.5,101.15,9,1,1,2532,406
2023-03-01,2023,Mar,3,Q1,Diesel HSD,North,Supplier_A,2718,2777,5428,5430,366735.49,304164.48,111.91,6,1,1,2922,407
2023-03-01,2023,Mar,3,Q1,Diesel HSD,South,Supplier_E,3005,3037,3770,3417,340577.05,296036.14,98.51,17,1,1,2711,450
2023-03-01,2023,Mar,3,Q1,Diesel HSD,East,Supplier_B,3358,3401,3701,3157,180362.13,146434.67,43.61,16,1,1,3115,503
2023-03-01,2023,Mar,3,Q1,Diesel HSD,West,Supplier_E,3907,3342,7214,7498,434315.78,365176.8,93.47,10,1,1,3808,586
2023-03-01,2023,Mar,3,Q1,Petrol MS,North,Supplier_D,4975,5623,9505,8909,215397.19,172736.71,34.72,3,1,1,5065,746
2023-03-01,2023,Mar,3,Q1,Petrol MS,South,Supplier_D,3091,3317,3235,3281,326590.99,304413.42,98.48,13,0,1,3079,463
2023-03-01,2023,Mar,3,Q1,Petrol MS,East,Supplier_E,4207,3617,7973,7128,433298.14,400052.69,95.09,3,1,1,4318,631
2023-03-01,2023,Mar,3,Q1,Petrol MS,West,Supplier_E,2470,2481,4867,4579,279073.49,228350.75,92.45,10,1,1,2256,370
2023-03-01,2023,Mar,3,Q1,LPG,North,Supplier_C,2701,2943,3293,2988,307800.39,273467.82,101.25,20,1,1,2715,405
2023-03-01,2023,Mar,3,Q1,LPG,South,Supplier_B,2658,2869,2454,2012,95150.77,79249.43,29.82,12,1,1,2817,398
2023-03-01,2023,Mar,3,Q1,LPG,East,Supplier_C,496,528,788,644,26564.32,24232.77,48.86,10,1,1,464,74
2023-03-01,2023,Mar,3,Q1,LPG,West,Supplier_D,3847,3384,4200,4157,613959.15,504882.36,131.24,7,1,1,3711,577
2023-03-01,2023,Mar,3,Q1,Kerosene SKO,North,Supplier_B,4312,3934,3586,2605,468538.82,413069.78,95.8,3,1,1,4104,646
2023-03-01,2023,Mar,3,Q1,Kerosene SKO,South,Supplier_E,1830,1574,3288,2991,247741.78,220695.23,120.6,14,1,0,1932,274
2023-03-01,2023,Mar,3,Q1,Kerosene SKO,East,Supplier_A,3325,3809,4539,3783,318140.04,276045.45,83.02,10,1,1,3137,498
2023-03-01,2023,Mar,3,Q1,Kerosene SKO,West,Supplier_B,1981,2268,2834,2375,115638.34,109747.31,55.4,12,1,1,2002,297
2023-03-01,2023,Mar,3,Q1,Bitumen,North,Supplier_E,1871,1668,2088,1726,237091.67,215509.26,115.18,9,1,1,1835,280
2023-03-01,2023,Mar,3,Q1,Bitumen,South,Supplier_E,3106,2969,6057,5354,118729.34,98596.26,31.74,13,1,1,3242,465
2023-03-01,2023,Mar,3,Q1,Bitumen,East,Supplier_B,3465,3932,4421,4703,149205.29,130111.33,37.55,6,1,1,3701,519
2023-03-01,2023,Mar,3,Q1,Bitumen,West,Supplier_A,4415,4543,5302,5338,159202.52,149482.07,33.86,3,1,1,4357,662
2023-03-01,2023,Mar,3,Q1,Lubricants,North,Supplier_C,4127,3510,8094,6864,153416.85,137850.83,33.4,19,1,0,4082,619
2023-03-01,2023,Mar,3,Q1,Lubricants,South,Supplier_A,4664,5185,7829,7934,585568.01,492713.53,105.64,20,1,1,5118,699
2023-03-01,2023,Mar,3,Q1,Lubricants,East,Supplier_E,471,483,941,904,42716.78,38394.66,81.52,9,1,0,515,70
2023-03-01,2023,Mar,3,Q1,Lubricants,West,Supplier_C,1984,2199,3597,3255,268023.67,253473.88,127.76,14,1,1,2061,297
2023-03-01,2023,Mar,3,Q1,Naphtha,North,Supplier_E,3421,3322,5086,5159,363996.33,307863.29,89.99,20,1,1,3678,513
2023-03-01,2023,Mar,3,Q1,Naphtha,South,Supplier_C,3447,3829,2845,3016,378723.93,305962.02,88.76,9,1,1,3163,517
2023-03-01,2023,Mar,3,Q1,Naphtha,East,Supplier_D,4883,5069,9025,9482,663528.04,585352.28,119.88,7,1,1,4851,732
2023-03-01,2023,Mar,3,Q1,Naphtha,West,Supplier_A,819,768,884,652,22808.9,18283.04,22.32,17,1,1,772,122
2023-03-01,2023,Mar,3,Q1,ATF,North,Supplier_E,2768,2567,4169,4426,437089.94,373530.16,134.95,4,1,0,2619,415
2023-03-01,2023,Mar,3,Q1,ATF,South,Supplier_E,1521,1347,1302,1079,46781.72,37683.01,24.78,7,1,1,1526,228
2023-03-01,2023,Mar,3,Q1,ATF,East,Supplier_C,2431,2256,3447,3195,446908.77,363492.0,149.52,8,1,1,2204,364
2023-03-01,2023,Mar,3,Q1,ATF,West,Supplier_B,2695,2660,3421,2906,233909.51,220903.73,81.97,14,1,1,2927,404
2023-04-01,2023,Apr,4,Q2,Diesel HSD,North,Supplier_E,2100,2042,2619,2207,275220.2,239493.69,114.04,18,1,1,2247,315
2023-04-01,2023,Apr,4,Q2,Diesel HSD,South,Supplier_E,5032,5056,9499,9139,618505.82,533767.19,106.07,15,1,1,5402,754
2023-04-01,2023,Apr,4,Q2,Diesel HSD,East,Supplier_C,3645,4046,6014,6140,478440.02,403396.85,110.67,8,1,1,3981,546
2023-04-01,2023,Apr,4,Q2,Diesel HSD,West,Supplier_D,3551,3898,3389,2799,448276.82,414245.72,116.66,4,1,1,3200,532
2023-04-01,2023,Apr,4,Q2,Petrol MS,North,Supplier_C,4285,4361,4023,3383,110151.12,90753.78,21.18,9,1,0,4149,642
2023-04-01,2023,Apr,4,Q2,Petrol MS,South,Supplier_A,1210,1302,2113,1834,180286.03,145455.35,120.21,14,1,1,1172,181
2023-04-01,2023,Apr,4,Q2,Petrol MS,East,Supplier_E,3985,4429,7843,8191,503637.55,468057.13,117.45,14,1,1,3844,597
2023-04-01,2023,Apr,4,Q2,Petrol MS,West,Supplier_E,6079,6413,8115,6956,1032585.45,909577.58,149.63,11,1,1,6314,911
2023-04-01,2023,Apr,4,Q2,LPG,North,Supplier_D,2235,2356,3543,3116,346719.19,320973.41,143.61,17,1,1,2189,335
2023-04-01,2023,Apr,4,Q2,LPG,South,Supplier_D,5239,5625,5450,5697,687873.1,591693.32,112.94,18,1,1,4928,785
2023-04-01,2023,Apr,4,Q2,LPG,East,Supplier_E,4974,5378,9021,9042,542867.07,504406.58,101.41,5,1,1,4477,746
2023-04-01,2023,Apr,4,Q2,LPG,West,Supplier_E,4364,4033,6415,5499,210707.27,178519.51,40.91,4,1,1,4324,654
2023-04-01,2023,Apr,4,Q2,Kerosene SKO,North,Supplier_A,5079,5353,6473,6929,683108.12,578220.74,113.85,3,0,1,5306,761
2023-04-01,2023,Apr,4,Q2,Kerosene SKO,South,Supplier_D,4132,3812,8197,7192,411501.79,350622.76,84.86,3,1,1,3988,619
2023-04-01,2023,Apr,4,Q2,Kerosene SKO,East,Supplier_B,556,619,499,515,41213.31,36981.88,66.51,16,1,1,504,83
2023-04-01,2023,Apr,4,Q2,Kerosene SKO,West,Supplier_A,898,934,1479,1220,134938.79,127253.42,141.71,20,0,1,920,134
2023-04-01,2023,Apr,4,Q2,Bitumen,North,Supplier_B,1682,1840,1507,1604,186116.24,153376.55,91.19,5,1,1,1661,252
2023-04-01,2023,Apr,4,Q2,Bitumen,South,Supplier_E,3028,3009,4659,4149,294490.15,245642.68,81.12,14,1,1,2863,454
2023-04-01,2023,Apr,4,Q2,Bitumen,East,Supplier_A,1019,1064,1059,1030,31624.9,29944.12,29.39,9,1,1,1065,152
2023-04-01,2023,Apr,4,Q2,Bitumen,West,Supplier_C,1767,1835,2972,2984,175314.45,151307.92,85.63,11,1,1,1762,265
2023-04-01,2023,Apr,4,Q2,Lubricants,North,Supplier_C,3538,3848,5611,5953,225842.43,201316.05,56.9,15,1,1,3351,530
2023-04-01,2023,Apr,4,Q2,Lubricants,South,Supplier_E,4372,4505,6816,6156,429019.89,378789.98,86.64,11,1,0,4324,655
2023-04-01,2023,Apr,4,Q2,Lubricants,East,Supplier_E,2926,3007,2914,2493,470686.59,427265.06,146.02,7,1,1,2709,438
2023-04-01,2023,Apr,4,Q2,Lubricants,West,Supplier_D,4960,4565,9227,8615,356239.09,312557.46,63.02,11,1,1,5076,744
2023-04-01,2023,Apr,4,Q2,Naphtha,North,Supplier_A,2831,2548,2389,2373,344531.16,300919.98,106.29,14,1,1,2863,424
2023-04-01,2023,Apr,4,Q2,Naphtha,South,Supplier_C,1724,1604,1497,1346,258534.72,244392.07,141.76,8,1,1,1587,258
2023-04-01,2023,Apr,4,Q2,Naphtha,East,Supplier_E,2009,1947,2764,2712,49845.05,44719.08,22.26,9,1,1,2004,301
2023-04-01,2023,Apr,4,Q2,Naphtha,West,Supplier_E,4319,3843,4199,4526,538944.16,497880.76,115.28,3,1,1,4089,647
2023-04-01,2023,Apr,4,Q2,ATF,North,Supplier_A,2004,2119,3618,3774,250668.52,218079.78,108.82,10,1,1,1848,300
2023-04-01,2023,Apr,4,Q2,ATF,South,Supplier_B,5742,6046,6079,5869,482536.77,408844.02,71.2,4,0,1,6289,861
2023-04-01,2023,Apr,4,Q2,ATF,East,Supplier_C,3021,2829,2812,2691,445801.47,360933.41,119.47,8,1,1,2910,453
2023-04-01,2023,Apr,4,Q2,ATF,West,Supplier_E,2274,2014,3305,2628,158871.79,141434.06,62.2,3,1,1,2149,341
2023-05-01,2023,May,5,Q2,Diesel HSD,North,Supplier_B,5236,5500,8081,7480,444112.4,363232.58,69.37,8,1,1,4826,785
2023-05-01,2023,May,5,Q2,Diesel HSD,South,Supplier_C,6638,6704,10152,10191,995862.4,834317.91,125.69,13,1,1,5984,995
2023-05-01,2023,May,5,Q2,Diesel HSD,East,Supplier_C,2695,3062,4273,3874,140906.91,122972.95,45.63,4,1,1,2707,404
2023-05-01,2023,May,5,Q2,Diesel HSD,West,Supplier_A,3791,4135,5485,4819,449383.35,376610.8,99.34,15,1,1,3549,568
2023-05-01,2023,May,5,Q2,Petrol MS,North,Supplier_D,4402,4435,7267,6134,454500.78,412690.09,93.75,6,1,1,4290,660
2023-05-01,2023,May,5,Q2,Petrol MS,South,Supplier_A,3038,3449,4623,4707,449168.03,409968.5,134.95,17,1,1,3244,455
2023-05-01,2023,May,5,Q2,Petrol MS,East,Supplier_B,4478,4554,4956,4153,629228.83,515662.07,115.15,20,1,1,4409,671
2023-05-01,2023,May,5,Q2,Petrol MS,West,Supplier_D,2953,3274,3130,2357,80289.44,68134.62,23.07,9,1,1,2888,442
2023-05-01,2023,May,5,Q2,LPG,North,Supplier_A,1101,1262,1061,1036,90726.44,79890.15,72.56,19,1,1,1171,165
2023-05-01,2023,May,5,Q2,LPG,South,Supplier_A,1942,2178,3354,2977,235875.89,201749.87,103.89,10,1,1,1987,291
2023-05-01,2023,May,5,Q2,LPG,East,Supplier_B,2718,2365,4784,4222,300579.61,245167.81,90.2,5,1,1,2627,407
2023-05-01,2023,May,5,Q2,LPG,West,Supplier_B,3701,3548,7381,6931,273461.31,234510.32,63.36,6,0,1,3889,555
2023-05-01,2023,May,5,Q2,Kerosene SKO,North,Supplier_D,5817,5113,7797,7811,448559.77,379177.06,65.18,5,0,1,5699,872
2023-05-01,2023,May,5,Q2,Kerosene SKO,South,Supplier_A,2563,2769,2799,2718,90561.26,82223.06,32.08,18,1,1,2339,384
2023-05-01,2023,May,5,Q2,Kerosene SKO,East,Supplier_B,2376,2266,2582,2353,334474.48,302434.37,127.29,6,1,1,2512,356
2023-05-01,2023,May,5,Q2,Kerosene SKO,West,Supplier_C,3621,4002,3802,4063,154352.47,127197.15,35.13,12,1,1,3831,543
2023-05-01,2023,May,5,Q2,Bitumen,North,Supplier_B,635,544,625,491,106826.03,91727.0,144.45,4,1,1,688,95
2023-05-01,2023,May,5,Q2,Bitumen,South,Supplier_B,2144,2355,2532,2705,322888.31,272879.96,127.28,10,1,1,2029,321
2023-05-01,2023,May,5,Q2,Bitumen,East,Supplier_E,5428,5121,7639,6964,215747.07,183121.23,33.74,13,1,1,5050,814
2023-05-01,2023,May,5,Q2,Bitumen,West,Supplier_C,2843,2466,5668,4880,391148.48,313738.07,110.35,11,1,1,2731,426
2023-05-01,2023,May,5,Q2,Lubricants,North,Supplier_D,1464,1548,2256,2187,79874.71,72843.22,49.76,6,1,1,1355,219
2023-05-01,2023,May,5,Q2,Lubricants,South,Supplier_B,1350,1296,1750,1791,187500.53,155749.32,115.37,8,1,1,1252,202
2023-05-01,2023,May,5,Q2,Lubricants,East,Supplier_D,1502,1282,1636,1771,231676.99,186548.14,124.2,19,1,1,1488,225
2023-05-01,2023,May,5,Q2,Lubricants,West,Supplier_C,3114,2786,2966,3108,189851.84,160844.75,51.65,11,1,1,3046,467
2023-05-01,2023,May,5,Q2,Naphtha,North,Supplier_A,3073,2706,4887,5124,409708.89,384600.85,125.15,12,0,1,3245,460
2023-05-01,2023,May,5,Q2,Naphtha,South,Supplier_E,1422,1373,1905,1607,219876.1,192852.8,135.62,7,1,1,1473,213
2023-05-01,2023,May,5,Q2,Naphtha,East,Supplier_E,3873,4124,3433,2381,103718.7,83556.5,21.57,10,1,1,3756,580
2023-05-01,2023,May,5,Q2,Naphtha,West,Supplier_B,6636,7201,8134,7237,738009.99,606862.77,91.45,8,1,1,7165,995
2023-05-01,2023,May,5,Q2,ATF,North,Supplier_A,5349,5549,6730,5565,224499.18,191388.47,35.78,11,0,1,5772,802
2023-05-01,2023,May,5,Q2,ATF,South,Supplier_D,2807,2785,2629,2332,452388.57,391965.64,139.64,4,1,1,3047,421
2023-05-01,2023,May,5,Q2,ATF,East,Supplier_D,2813,2708,4107,3700,128281.8,116117.53,41.28,14,1,1,2895,421
2023-05-01,2023,May,5,Q2,ATF,West,Supplier_E,5632,5322,10448,9340,601494.25,510947.18,90.72,10,1,1,5272,844
2023-06-01,2023,Jun,6,Q2,Diesel HSD,North,Supplier_E,2448,2481,4850,5033,67901.36,62699.61,25.61,17,1,0,2442,367
2023-06-01,2023,Jun,6,Q2,Diesel HSD,South,Supplier_E,5353,5213,9152,9137,570838.61,532903.28,99.55,9,1,0,5282,802
2023-06-01,2023,Jun,6,Q2,Diesel HSD,East,Supplier_B,1051,1149,1776,1831,64227.51,58989.76,56.13,4,1,1,1099,157
2023-06-01,2023,Jun,6,Q2,Diesel HSD,West,Supplier_D,1802,1734,2606,2443,285867.39,234703.68,130.25,19,1,1,1895,270
2023-06-01,2023,Jun,6,Q2,Petrol MS,North,Supplier_D,4049,4464,5524,5122,165258.23,146625.74,36.21,12,0,1,3961,607
2023-06-01,2023,Jun,6,Q2,Petrol MS,South,Supplier_D,2735,2348,2735,2112,217656.81,192537.35,70.4,16,1,1,2584,410
2023-06-01,2023,Jun,6,Q2,Petrol MS,East,Supplier_C,3581,3566,5440,5228,91712.34,82295.91,22.98,15,1,0,3373,537
2023-06-01,2023,Jun,6,Q2,Petrol MS,West,Supplier_D,1648,1618,1610,1331,134473.27,125944.31,76.42,19,1,1,1812,247
2023-06-01,2023,Jun,6,Q2,LPG,North,Supplier_D,1713,1545,2680,2506,87798.11,73955.04,43.17,13,1,0,1611,256
2023-06-01,2023,Jun,6,Q2,LPG,South,Supplier_A,1149,1091,955,621,162610.9,147210.59,128.12,15,1,1,1230,172
2023-06-01,2023,Jun,6,Q2,LPG,East,Supplier_B,3276,3234,4519,3711,119375.35,99846.57,30.48,5,1,1,3449,491
2023-06-01,2023,Jun,6,Q2,LPG,West,Supplier_D,1469,1308,2499,2444,225592.64,212064.69,144.36,12,1,1,1394,220
2023-06-01,2023,Jun,6,Q2,Kerosene SKO,North,Supplier_A,4941,5644,6153,5518,707926.03,641453.6,129.82,15,1,1,5059,741
2023-06-01,2023,Jun,6,Q2,Kerosene SKO,South,Supplier_C,1470,1484,1901,1664,212304.92,201358.15,136.98,17,1,1,1566,220
2023-06-01,2023,Jun,6,Q2,Kerosene SKO,East,Supplier_A,4965,5308,9818,8837,568276.9,521537.0,105.04,14,1,1,4618,744
2023-06-01,2023,Jun,6,Q2,Kerosene SKO,West,Supplier_B,1547,1709,2279,2138,66015.38,54021.17,34.92,13,1,1,1560,232
2023-06-01,2023,Jun,6,Q2,Bitumen,North,Supplier_B,2390,2379,2387,2574,369213.64,311887.35,130.5,18,1,1,2411,358
2023-06-01,2023,Jun,6,Q2,Bitumen,South,Supplier_E,1098,970,1347,1447,155513.95,135294.09,123.22,6,1,1,1033,164
2023-06-01,2023,Jun,6,Q2,Bitumen,East,Supplier_B,2424,2246,4692,4507,331112.85,285049.88,117.59,5,1,1,2422,363
2023-06-01,2023,Jun,6,Q2,Bitumen,West,Supplier_D,3045,2935,5270,5531,163455.61,141560.95,46.49,11,1,1,3226,456
2023-06-01,2023,Jun,6,Q2,Lubricants,North,Supplier_C,3375,3028,5518,5576,252201.08,206479.19,61.18,20,1,1,3441,506
2023-06-01,2023,Jun,6,Q2,Lubricants,South,Supplier_A,1427,1564,1677,1704,254129.49,208068.39,145.81,14,1,1,1566,214
2023-06-01,2023,Jun,6,Q2,Lubricants,East,Supplier_C,2564,2737,3045,3298,446339.65,377861.09,147.37,7,1,1,2676,384
2023-06-01,2023,Jun,6,Q2,Lubricants,West,Supplier_D,4580,4150,8380,8506,493017.7,413588.6,90.3,13,0,1,4409,687
2023-06-01,2023,Jun,6,Q2,Naphtha,North,Supplier_C,2210,2226,2415,1851,82667.74,69246.66,31.33,4,1,1,2319,331
2023-06-01,2023,Jun,6,Q2,Naphtha,South,Supplier_D,3514,3358,6359,5967,609073.1,517554.72,147.28,18,1,1,3165,527
2023-06-01,2023,Jun,6,Q2,Naphtha,East,Supplier_D,1700,1881,1823,1882,112813.35,95720.02,56.31,17,1,1,1541,255
2023-06-01,2023,Jun,6,Q2,Naphtha,West,Supplier_B,4901,5282,9235,8221,650296.29,612436.23,124.96,3,1,1,4576,735
2023-06-01,2023,Jun,6,Q2,ATF,North,Supplier_C,2216,2189,4071,3890,191668.12,153905.79,69.45,19,1,1,2401,332
2023-06-01,2023,Jun,6,Q2,ATF,South,Supplier_E,2398,2547,4717,4789,323916.18,265964.58,110.91,9,1,1,2459,359
2023-06-01,2023,Jun,6,Q2,ATF,East,Supplier_A,2535,2496,2692,2053,80738.93,73221.76,28.88,3,1,1,2584,380
2023-06-01,2023,Jun,6,Q2,ATF,West,Supplier_E,2491,2663,3782,3098,409174.19,333896.45,134.04,16,1,0,2553,373
2023-07-01,2023,Jul,7,Q3,Diesel HSD,North,Supplier_E,3907,3655,5137,4383,557833.41,478962.69,122.59,7,1,1,3897,586
2023-07-01,2023,Jul,7,Q3,Diesel HSD,South,Supplier_D,3007,2585,5539,4714,457651.64,433781.35,144.26,14,1,1,2911,451
2023-07-01,2023,Jul,7,Q3,Diesel HSD,East,Supplier_D,1095,1138,1653,1632,64191.18,55698.65,50.87,6,1,1,1128,164
2023-07-01,2023,Jul,7,Q3,Diesel HSD,West,Supplier_B,757,750,1499,1353,67789.79,55190.11,72.91,19,1,1,818,113
2023-07-01,2023,Jul,7,Q3,Petrol MS,North,Supplier_D,4593,4524,6281,6046,424278.26,372339.3,81.07,19,1,1,4140,688
2023-07-01,2023,Jul,7,Q3,Petrol MS,South,Supplier_B,2210,2438,2523,2269,186139.44,170192.11,77.01,13,1,1,2349,331
2023-07-01,2023,Jul,7,Q3,Petrol MS,East,Supplier_C,1604,1786,2389,1926,183115.76,172918.62,107.8,15,0,1,1568,240
2023-07-01,2023,Jul,7,Q3,Petrol MS,West,Supplier_D,591,663,979,945,43232.15,35589.11,60.22,7,1,1,537,88
2023-07-01,2023,Jul,7,Q3,LPG,North,Supplier_D,4579,3947,8452,7548,590040.81,487608.43,106.49,20,1,1,4624,686
2023-07-01,2023,Jul,7,Q3,LPG,South,Supplier_C,4908,4644,8342,7679,601903.97,510395.2,103.99,13,1,1,4553,736
2023-07-01,2023,Jul,7,Q3,LPG,East,Supplier_A,1590,1409,2993,2558,153321.19,142171.08,89.42,11,1,1,1585,238
2023-07-01,2023,Jul,7,Q3,LPG,West,Supplier_D,2529,2242,3718,3306,342699.29,290310.37,114.79,13,1,1,2415,379
2023-07-01,2023,Jul,7,Q3,Kerosene SKO,North,Supplier_A,5878,6037,6298,5438,538061.41,461517.27,78.52,10,1,1,5725,881
2023-07-01,2023,Jul,7,Q3,Kerosene SKO,South,Supplier_A,2043,2158,2552,2075,167390.75,155204.29,75.97,3,0,1,2050,306
2023-07-01,2023,Jul,7,Q3,Kerosene SKO,East,Supplier_E,1725,1642,1528,1293,123628.5,104290.52,60.46,10,1,1,1893,258
2023-07-01,2023,Jul,7,Q3,Kerosene SKO,West,Supplier_D,1926,1718,2663,2106,205156.84,165075.85,85.71,16,1,1,1795,288
2023-07-01,2023,Jul,7,Q3,Bitumen,North,Supplier_D,2592,2317,3591,2948,374726.95,333363.42,128.61,7,1,1,2848,388
2023-07-01,2023,Jul,7,Q3,Bitumen,South,Supplier_E,2998,3094,2943,2080,528019.86,438297.05,146.2,7,1,1,2799,449
2023-07-01,2023,Jul,7,Q3,Bitumen,East,Supplier_D,3329,3131,3699,2959,102373.28,91528.14,27.49,14,1,1,3106,499
2023-07-01,2023,Jul,7,Q3,Bitumen,West,Supplier_B,2432,2177,4329,3801,354286.89,295999.89,121.71,10,1,1,2413,364
2023-07-01,2023,Jul,7,Q3,Lubricants,North,Supplier_E,1702,1466,2332,2191,104932.46,84431.91,49.61,4,1,1,1827,255
2023-07-01,2023,Jul,7,Q3,Lubricants,South,Supplier_A,5331,5409,4634,4486,454584.14,430113.98,80.68,18,1,1,5322,799
2023-07-01,2023,Jul,7,Q3,Lubricants,East,Supplier_C,2255,2432,2849,2633,220766.72,189425.21,84.0,16,1,1,2301,338
2023-07-01,2023,Jul,7,Q3,Lubricants,West,Supplier_A,5182,5890,5392,4063,772495.54,678920.02,131.02,3,1,1,5579,777
2023-07-01,2023,Jul,7,Q3,Naphtha,North,Supplier_C,3014,3440,3209,3189,443770.19,359080.52,119.14,5,1,1,2893,452
2023-07-01,2023,Jul,7,Q3,Naphtha,South,Supplier_B,3213,3052,5396,5111,493817.83,395652.75,123.14,10,0,1,2893,481
2023-07-01,2023,Jul,7,Q3,Naphtha,East,Supplier_A,1774,1844,1566,1037,305529.55,251591.93,141.82,3,1,1,1628,266
2023-07-01,2023,Jul,7,Q3,Naphtha,West,Supplier_D,4801,4484,7801,6407,332973.88,287089.5,59.8,15,0,1,5238,720
2023-07-01,2023,Jul,7,Q3,ATF,North,Supplier_B,944,824,1322,1338,111997.65,105653.65,111.92,15,1,1,1012,141
2023-07-01,2023,Jul,7,Q3,ATF,South,Supplier_A,3796,3400,4249,3143,443204.8,363745.91,95.82,11,1,1,3579,569
2023-07-01,2023,Jul,7,Q3,ATF,East,Supplier_D,5339,4735,9964,9436,488648.84,418660.18,78.42,20,1,1,5683,800
2023-07-01,2023,Jul,7,Q3,ATF,West,Supplier_B,2940,3182,3309,3011,180303.94,167449.56,56.96,13,1,1,2706,441
2023-08-01,2023,Aug,8,Q3,Diesel HSD,North,Supplier_A,1946,1681,2201,2167,66713.84,54779.22,28.15,8,1,1,1874,291
2023-08-01,2023,Aug,8,Q3,Diesel HSD,South,Supplier_C,3054,3113,5618,5400,521766.9,421256.47,137.94,19,1,1,3160,458
2023-08-01,2023,Aug,8,Q3,Diesel HSD,East,Supplier_E,3424,3417,4331,4170,401203.07,381780.87,111.5,13,1,0,3602,513
2023-08-01,2023,Aug,8,Q3,Diesel HSD,West,Supplier_E,4694,4409,4348,4407,515993.24,486952.74,103.74,18,1,1,4671,704
2023-08-01,2023,Aug,8,Q3,Petrol MS,North,Supplier_E,2026,1946,2519,1953,275031.68,242681.96,119.78,6,1,1,2089,303
2023-08-01,2023,Aug,8,Q3,Petrol MS,South,Supplier_D,5383,4923,8684,8377,338611.45,314309.02,58.39,20,1,0,4900,807
2023-08-01,2023,Aug,8,Q3,Petrol MS,East,Supplier_B,1216,1106,2271,2045,87540.64,82459.61,67.81,14,1,1,1153,182
2023-08-01,2023,Aug,8,Q3,Petrol MS,West,Supplier_A,3843,3288,3647,3129,365369.14,323090.22,84.07,14,1,1,3815,576
2023-08-01,2023,Aug,8,Q3,LPG,North,Supplier_D,1175,1138,2014,1875,70366.68,64322.84,54.74,14,1,1,1238,176
2023-08-01,2023,Aug,8,Q3,LPG,South,Supplier_D,3208,2982,2633,2046,445968.43,386591.09,120.51,14,1,1,3301,481
2023-08-01,2023,Aug,8,Q3,LPG,East,Supplier_E,5167,5439,7524,7688,565744.96,510494.71,98.8,6,1,1,5618,775
2023-08-01,2023,Aug,8,Q3,LPG,West,Supplier_D,4461,4425,3878,4248,767596.58,635934.11,142.55,20,1,1,4708,669
2023-08-01,2023,Aug,8,Q3,Kerosene SKO,North,Supplier_C,2071,1882,2006,1900,293484.3,251775.28,121.57,15,1,1,2024,310
2023-08-01,2023,Aug,8,Q3,Kerosene SKO,South,Supplier_A,4569,4993,8849,8094,604348.68,521997.07,114.25,16,1,1,4119,685
2023-08-01,2023,Aug,8,Q3,Kerosene SKO,East,Supplier_E,2737,3113,3929,3372,276153.99,232859.76,85.08,8,1,1,2714,410
2023-08-01,2023,Aug,8,Q3,Kerosene SKO,West,Supplier_A,3070,2649,3066,2692,153578.47,144885.92,47.19,19,0,1,3287,460
2023-08-01,2023,Aug,8,Q3,Bitumen,North,Supplier_A,5086,4623,9875,10373,713212.83,572296.88,112.52,14,1,1,5181,762
2023-08-01,2023,Aug,8,Q3,Bitumen,South,Supplier_C,1561,1786,1604,1630,266898.87,215459.9,138.03,13,1,0,1641,234
2023-08-01,2023,Aug,8,Q3,Bitumen,East,Supplier_D,4517,4887,5293,4357,433557.44,359419.97,79.57,20,1,1,4076,677
2023-08-01,2023,Aug,8,Q3,Bitumen,West,Supplier_B,4336,4890,4658,4457,236127.07,211899.73,48.87,10,1,1,4115,650
2023-08-01,2023,Aug,8,Q3,Lubricants,North,Supplier_C,5407,5670,5094,4096,478488.27,387783.34,71.72,3,1,1,5268,811
2023-08-01,2023,Aug,8,Q3,Lubricants,South,Supplier_E,1427,1226,1240,1065,93549.69,79656.9,55.82,20,1,1,1338,214
2023-08-01,2023,Aug,8,Q3,Lubricants,East,Supplier_E,3964,4368,6747,5920,617649.66,572090.87,144.32,11,0,1,3913,594
2023-08-01,2023,Aug,8,Q3,Lubricants,West,Supplier_E,1282,1381,1460,1256,216441.92,174649.76,136.23,16,1,1,1281,192
2023-08-01,2023,Aug,8,Q3,Naphtha,North,Supplier_C,3182,2948,3674,3475,90894.66,77212.03,24.27,6,1,1,3156,477
2023-08-01,2023,Aug,8,Q3,Naphtha,South,Supplier_C,2272,2500,2723,2671,322628.74,273198.83,120.25,4,1,1,2173,340
2023-08-01,2023,Aug,8,Q3,Naphtha,East,Supplier_E,966,934,1406,1321,99286.13,93466.34,96.76,12,1,1,871,144
2023-08-01,2023,Aug,8,Q3,Naphtha,West,Supplier_A,4860,4133,8141,8562,282535.59,238908.62,49.16,7,1,1,5244,729
2023-08-01,2023,Aug,8,Q3,ATF,North,Supplier_E,1969,1780,2451,2570,306592.1,245869.34,124.87,10,1,1,1986,295
2023-08-01,2023,Aug,8,Q3,ATF,South,Supplier_A,3553,3306,5049,4365,414216.16,361327.4,101.7,6,0,1,3290,532
2023-08-01,2023,Aug,8,Q3,ATF,East,Supplier_C,3309,3322,4667,4163,568242.33,467496.29,141.28,8,0,1,3460,496
2023-08-01,2023,Aug,8,Q3,ATF,West,Supplier_E,2266,1947,1953,1402,127981.77,108181.41,47.74,5,1,1,2343,339
2023-09-01,2023,Sep,9,Q3,Diesel HSD,North,Supplier_B,3012,3008,3784,3076,440558.83,368086.69,122.21,19,1,1,2717,451
2023-09-01,2023,Sep,9,Q3,Diesel HSD,South,Supplier_A,3490,3849,3200,2933,353968.9,297143.57,85.14,19,1,1,3356,523
2023-09-01,2023,Sep,9,Q3,Diesel HSD,East,Supplier_B,4332,3915,7624,7282,333626.69,309963.17,71.55,6,1,1,4606,649
2023-09-01,2023,Sep,9,Q3,Diesel HSD,West,Supplier_B,5344,4943,8282,7900,843955.11,685463.92,128.27,18,1,1,4830,801
2023-09-01,2023,Sep,9,Q3,Petrol MS,North,Supplier_C,2611,2541,5018,4684,410159.7,350234.28,134.14,3,1,1,2707,391
2023-09-01,2023,Sep,9,Q3,Petrol MS,South,Supplier_C,1798,1734,3557,3582,222595.17,207405.19,115.35,20,0,1,1622,269
2023-09-01,2023,Sep,9,Q3,Petrol MS,East,Supplier_A,633,722,592,504,87389.7,73380.56,115.93,19,1,1,603,94
2023-09-01,2023,Sep,9,Q3,Petrol MS,West,Supplier_D,734,744,1194,1016,77524.49,71489.22,97.4,11,1,1,752,110
2023-09-01,2023,Sep,9,Q3,LPG,North,Supplier_A,2960,3085,4867,4420,314787.75,276096.36,93.28,6,1,1,2767,444
2023-09-01,2023,Sep,9,Q3,LPG,South,Supplier_D,2770,2483,5356,5341,407165.61,373366.08,134.79,4,1,1,2840,415
2023-09-01,2023,Sep,9,Q3,LPG,East,Supplier_B,5017,4645,6724,7140,439190.19,360594.82,71.87,8,0,1,4523,752
2023-09-01,2023,Sep,9,Q3,LPG,West,Supplier_C,2466,2754,2222,2278,394907.56,325441.85,131.97,11,1,0,2332,369
2023-09-01,2023,Sep,9,Q3,Kerosene SKO,North,Supplier_D,4829,4455,8000,6727,271662.54,221675.94,45.91,17,1,1,4361,724
2023-09-01,2023,Sep,9,Q3,Kerosene SKO,South,Supplier_B,2630,2284,3552,3533,308038.58,260041.58,98.88,18,1,1,2568,394
2023-09-01,2023,Sep,9,Q3,Kerosene SKO,East,Supplier_C,2904,2642,4472,4463,388601.56,336658.57,115.93,16,1,1,2953,435
2023-09-01,2023,Sep,9,Q3,Kerosene SKO,West,Supplier_E,738,708,1383,1358,103022.66,90301.91,122.36,13,1,1,737,110
2023-09-01,2023,Sep,9,Q3,Bitumen,North,Supplier_A,4385,4958,3844,3975,289675.87,254372.99,58.01,15,1,1,3995,657
2023-09-01,2023,Sep,9,Q3,Bitumen,South,Supplier_E,2972,2620,5103,4698,344470.14,312572.92,105.17,18,1,1,3235,445
2023-09-01,2023,Sep,9,Q3,Bitumen,East,Supplier_D,825,902,1338,1126,52835.24,47515.35,57.59,12,1,1,800,123
2023-09-01,2023,Sep,9,Q3,Bitumen,West,Supplier_B,4811,4533,9124,9514,336909.54,300574.59,62.48,9,1,1,5199,721
2023-09-01,2023,Sep,9,Q3,Lubricants,North,Supplier_C,1553,1554,1603,1670,204222.02,167727.57,108.0,11,1,1,1453,232
2023-09-01,2023,Sep,9,Q3,Lubricants,South,Supplier_D,3986,3973,5243,5228,609289.73,526895.04,132.19,20,1,1,3862,597
2023-09-01,2023,Sep,9,Q3,Lubricants,East,Supplier_C,920,879,852,657,94308.95,80499.26,87.5,17,1,1,1009,138
2023-09-01,2023,Sep,9,Q3,Lubricants,West,Supplier_B,619,605,896,882,74691.09,68881.7,111.28,4,1,1,635,92
2023-09-01,2023,Sep,9,Q3,Naphtha,North,Supplier_A,5117,5418,7137,7511,491495.09,394430.76,77.08,9,1,1,5300,767
2023-09-01,2023,Sep,9,Q3,Naphtha,South,Supplier_E,1494,1617,2291,2355,181781.7,160637.92,107.52,13,1,1,1347,224
2023-09-01,2023,Sep,9,Q3,Naphtha,East,Supplier_A,1613,1775,2880,2940,149618.35,133979.5,83.06,9,1,1,1727,241
2023-09-01,2023,Sep,9,Q3,Naphtha,West,Supplier_D,4131,3991,7288,7538,204055.84,191890.97,46.45,17,1,0,3772,619
2023-09-01,2023,Sep,9,Q3,ATF,North,Supplier_B,3859,3801,5464,5833,239454.49,193340.9,50.1,5,1,1,3760,578
2023-09-01,2023,Sep,9,Q3,ATF,South,Supplier_B,3003,2885,2565,2084,476057.95,422844.9,140.81,19,1,1,2759,450
2023-09-01,2023,Sep,9,Q3,ATF,East,Supplier_B,4134,3596,7109,6834,603680.84,502920.93,121.65,19,1,1,4310,620
2023-09-01,2023,Sep,9,Q3,ATF,West,Supplier_C,2809,2551,5248,5247,466081.38,387837.8,138.07,6,1,1,2954,421
2023-10-01,2023,Oct,10,Q4,Diesel HSD,North,Supplier_C,3532,3761,3973,3199,235845.36,214736.72,60.8,4,1,1,3536,529
2023-10-01,2023,Oct,10,Q4,Diesel HSD,South,Supplier_A,4035,4137,3875,3380,393810.85,317154.7,78.6,8,1,1,4235,605
2023-10-01,2023,Oct,10,Q4,Diesel HSD,East,Supplier_D,4933,4605,7822,7967,167727.07,139151.24,28.21,8,1,1,5177,739
2023-10-01,2023,Oct,10,Q4,Diesel HSD,West,Supplier_E,678,582,753,558,100036.33,91051.43,134.29,16,1,1,731,101
2023-10-01,2023,Oct,10,Q4,Petrol MS,North,Supplier_E,4054,4541,8089,8211,578874.16,526344.1,129.83,8,1,0,3913,608
2023-10-01,2023,Oct,10,Q4,Petrol MS,South,Supplier_A,1850,2048,3694,3317,52880.48,46704.37,25.25,5,1,1,1954,277
2023-10-01,2023,Oct,10,Q4,Petrol MS,East,Supplier_C,3006,2570,5711,5658,194694.37,180853.82,60.16,5,0,1,2947,450
2023-10-01,2023,Oct,10,Q4,Petrol MS,West,Supplier_D,5306,6087,9063,8409,670017.61,594068.3,111.96,18,1,1,5761,795
2023-10-01,2023,Oct,10,Q4,LPG,North,Supplier_D,2801,2558,5587,5845,354214.33,292525.69,104.44,8,1,1,2775,420
2023-10-01,2023,Oct,10,Q4,LPG,South,Supplier_C,2986,3311,2783,2992,323473.82,304911.38,102.11,11,1,1,3133,447
2023-10-01,2023,Oct,10,Q4,LPG,East,Supplier_B,1786,1540,2671,2458,271902.41,255999.47,143.34,18,1,1,1769,267
2023-10-01,2023,Oct,10,Q4,LPG,West,Supplier_E,1785,2031,2575,2388,139369.76,128957.92,72.25,19,1,0,1814,267
2023-10-01,2023,Oct,10,Q4,Kerosene SKO,North,Supplier_D,2946,2550,2469,2084,106954.05,91306.85,30.99,18,1,1,2946,441
2023-10-01,2023,Oct,10,Q4,Kerosene SKO,South,Supplier_D,1460,1327,2459,2188,226826.13,181541.13,124.34,7,0,1,1598,219
2023-10-01,2023,Oct,10,Q4,Kerosene SKO,East,Supplier_B,1719,1493,2066,1596,306187.95,252339.93,146.79,16,1,1,1619,257
2023-10-01,2023,Oct,10,Q4,Kerosene SKO,West,Supplier_A,1125,1046,1036,773,54811.68,44039.05,39.15,10,1,1,1047,168
2023-10-01,2023,Oct,10,Q4,Bitumen,North,Supplier_E,569,521,469,486,43062.3,38423.11,67.53,6,1,1,528,85
2023-10-01,2023,Oct,10,Q4,Bitumen,South,Supplier_E,4753,4260,4274,3769,327785.53,281921.99,59.31,8,1,1,4573,712
2023-10-01,2023,Oct,10,Q4,Bitumen,East,Supplier_E,2990,3326,3976,4256,254846.71,213611.69,71.44,4,1,1,3034,448
2023-10-01,2023,Oct,10,Q4,Bitumen,West,Supplier_A,4071,4271,4230,3081,172390.67,148291.64,36.43,10,1,1,4062,610
2023-10-01,2023,Oct,10,Q4,Lubricants,North,Supplier_D,866,914,1376,1156,115365.71,107352.24,123.96,10,1,0,809,129
2023-10-01,2023,Oct,10,Q4,Lubricants,South,Supplier_D,2380,2310,4674,4847,306386.98,277051.85,116.41,5,1,1,2535,357
2023-10-01,2023,Oct,10,Q4,Lubricants,East,Supplier_B,839,858,1233,1105,112774.45,102470.09,122.13,5,1,1,877,125
2023-10-01,2023,Oct,10,Q4,Lubricants,West,Supplier_D,830,749,1334,1158,49169.67,40144.59,48.37,15,1,1,755,124
2023-10-01,2023,Oct,10,Q4,Naphtha,North,Supplier_B,2948,2640,3979,3508,108870.51,94898.92,32.19,15,0,1,3198,442
2023-10-01,2023,Oct,10,Q4,Naphtha,South,Supplier_B,1650,1634,2243,2249,75890.91,66138.58,40.08,19,1,1,1609,247
2023-10-01,2023,Oct,10,Q4,Naphtha,East,Supplier_A,1444,1519,2477,2070,164586.85,150259.84,104.06,12,1,1,1480,216
2023-10-01,2023,Oct,10,Q4,Naphtha,West,Supplier_D,2074,2285,2059,1457,178397.74,162549.83,78.38,3,1,1,1945,311
2023-10-01,2023,Oct,10,Q4,ATF,North,Supplier_A,1777,1712,3130,2875,224668.77,208975.3,117.6,3,1,1,1800,266
2023-10-01,2023,Oct,10,Q4,ATF,South,Supplier_A,4039,3876,4772,4771,327879.41,307144.19,76.04,5,1,1,3903,605
2023-10-01,2023,Oct,10,Q4,ATF,East,Supplier_B,1865,2107,2086,1982,224708.89,201802.32,108.2,8,0,1,1954,279
2023-10-01,2023,Oct,10,Q4,ATF,West,Supplier_D,3832,3647,5160,5049,388593.54,347151.56,90.59,16,1,1,3557,574
2023-11-01,2023,Nov,11,Q4,Diesel HSD,North,Supplier_D,2290,2519,4402,3885,193633.23,156695.91,68.43,11,1,1,2186,343
2023-11-01,2023,Nov,11,Q4,Diesel HSD,South,Supplier_B,2114,2080,2963,2537,203026.11,171709.3,81.22,10,1,1,2248,317
2023-11-01,2023,Nov,11,Q4,Diesel HSD,East,Supplier_B,2740,2973,3712,3837,171443.74,143657.01,52.43,14,1,1,2844,411
2023-11-01,2023,Nov,11,Q4,Diesel HSD,West,Supplier_E,602,643,1160,1124,96660.74,79588.99,132.21,3,1,1,656,90
2023-11-01,2023,Nov,11,Q4,Petrol MS,North,Supplier_D,3441,3372,3431,2559,385600.49,313373.38,91.07,17,1,1,3169,516
2023-11-01,2023,Nov,11,Q4,Petrol MS,South,Supplier_C,3219,3411,4162,3918,489389.89,458854.59,142.55,7,1,1,3129,482
2023-11-01,2023,Nov,11,Q4,Petrol MS,East,Supplier_C,1763,1618,3305,3328,229544.7,195625.44,110.96,14,1,1,1786,264
2023-11-01,2023,Nov,11,Q4,Petrol MS,West,Supplier_D,1376,1276,2702,2526,95071.48,89684.16,65.18,14,1,1,1510,206
2023-11-01,2023,Nov,11,Q4,LPG,North,Supplier_E,2244,2296,2762,2828,325649.68,284293.48,126.69,18,1,1,2166,336
2023-11-01,2023,Nov,11,Q4,LPG,South,Supplier_E,2334,2568,2870,3022,237213.41,218321.11,93.54,17,1,1,2314,350
2023-11-01,2023,Nov,11,Q4,LPG,East,Supplier_E,1332,1138,2151,1792,116447.32,99499.01,74.7,8,1,1,1457,199
2023-11-01,2023,Nov,11,Q4,LPG,West,Supplier_A,1428,1392,1341,1262,239757.85,202779.83,142.0,5,1,1,1400,214
2023-11-01,2023,Nov,11,Q4,Kerosene SKO,North,Supplier_E,2344,2422,2925,2461,88716.59,79142.02,33.76,8,1,1,2142,351
2023-11-01,2023,Nov,11,Q4,Kerosene SKO,South,Supplier_B,3705,3181,6997,6117,207779.9,180105.71,48.61,5,1,1,3876,555
2023-11-01,2023,Nov,11,Q4,Kerosene SKO,East,Supplier_C,3073,3429,5903,6107,370783.47,315301.68,102.6,12,1,1,3245,460
2023-11-01,2023,Nov,11,Q4,Kerosene SKO,West,Supplier_D,815,894,795,822,89645.73,73544.42,90.24,6,1,1,804,122
2023-11-01,2023,Nov,11,Q4,Bitumen,North,Supplier_C,3582,3597,4191,3937,235983.77,223077.85,62.28,12,1,0,3915,537
2023-11-01,2023,Nov,11,Q4,Bitumen,South,Supplier_C,1502,1371,2746,2788,124943.25,116066.39,77.27,15,0,1,1533,225
2023-11-01,2023,Nov,11,Q4,Bitumen,East,Supplier_E,896,877,1044,846,31387.46,25571.82,28.54,17,1,0,945,134
2023-11-01,2023,Nov,11,Q4,Bitumen,West,Supplier_A,1875,1828,3203,3313,65466.91,58006.12,30.94,16,1,1,1716,281
2023-11-01,2023,Nov,11,Q4,Lubricants,North,Supplier_B,1928,2202,1855,1455,316504.44,256218.16,132.89,20,1,1,1956,289
2023-11-01,2023,Nov,11,Q4,Lubricants,South,Supplier_B,1879,2009,3637,3660,125581.42,114209.09,60.78,14,1,1,1693,281
2023-11-01,2023,Nov,11,Q4,Lubricants,East,Supplier_E,2386,2565,2286,2059,115449.12,108033.77,45.28,13,1,1,2255,357
2023-11-01,2023,Nov,11,Q4,Lubricants,West,Supplier_B,2556,2241,2637,1921,287142.66,259279.14,101.44,9,1,1,2526,383
2023-11-01,2023,Nov,11,Q4,Naphtha,North,Supplier_D,3941,4170,5766,4924,205977.56,185686.08,47.12,8,1,1,3645,591
2023-11-01,2023,Nov,11,Q4,Naphtha,South,Supplier_D,1030,996,1685,1455,117356.53,106497.45,103.4,17,1,1,1011,154
2023-11-01,2023,Nov,11,Q4,Naphtha,East,Supplier_E,3545,3729,6342,5841,171181.96,142938.68,40.32,6,1,1,3894,531
2023-11-01,2023,Nov,11,Q4,Naphtha,West,Supplier_E,1962,1767,2397,2406,198512.31,168576.44,85.92,4,1,1,2008,294
2023-11-01,2023,Nov,11,Q4,ATF,North,Supplier_B,554,474,728,623,21808.11,20383.14,36.79,17,1,1,597,83
2023-11-01,2023,Nov,11,Q4,ATF,South,Supplier_C,1405,1469,2440,2463,159183.84,138141.11,98.32,13,0,1,1502,210
2023-11-01,2023,Nov,11,Q4,ATF,East,Supplier_D,378,422,730,732,8218.98,7825.6,20.7,8,1,1,375,56
2023-11-01,2023,Nov,11,Q4,ATF,West,Supplier_A,606,628,1028,899,18125.63,16842.33,27.79,20,1,1,586,90
2023-12-01,2023,Dec,12,Q4,Diesel HSD,North,Supplier_D,3767,3577,5117,4007,127027.8,115299.71,30.61,9,1,1,3803,565
2023-12-01,2023,Dec,12,Q4,Diesel HSD,South,Supplier_D,3176,3303,5610,5162,463029.57,396292.57,124.78,9,1,1,2915,476
2023-12-01,2023,Dec,12,Q4,Diesel HSD,East,Supplier_E,1714,1928,2207,1791,214565.08,193533.65,112.91,6,1,1,1829,257
2023-12-01,2023,Dec,12,Q4,Diesel HSD,West,Supplier_C,4302,4038,3447,2624,245811.64,207897.93,48.33,16,1,1,4460,645
2023-12-01,2023,Dec,12,Q4,Petrol MS,North,Supplier_E,2638,2342,4685,4868,242310.06,210742.11,79.89,15,1,1,2526,395
2023-12-01,2023,Dec,12,Q4,Petrol MS,South,Supplier_E,1950,1657,3226,2919,108953.57,103511.02,53.08,5,1,1,2071,292
2023-12-01,2023,Dec,12,Q4,Petrol MS,East,Supplier_C,3662,4199,3921,3393,325189.75,301771.35,82.41,9,0,1,3685,549
2023-12-01,2023,Dec,12,Q4,Petrol MS,West,Supplier_E,2825,2895,5014,4535,190817.72,168784.47,59.75,8,1,1,2748,423
2023-12-01,2023,Dec,12,Q4,LPG,North,Supplier_C,2666,2820,4374,4377,409208.04,355835.62,133.47,15,1,1,2808,399
2023-12-01,2023,Dec,12,Q4,LPG,South,Supplier_C,1571,1626,2859,2511,70909.52,57061.03,36.32,13,1,1,1618,235
2023-12-01,2023,Dec,12,Q4,LPG,East,Supplier_B,2326,2385,3380,2899,290598.59,239370.15,102.91,13,1,1,2371,348
2023-12-01,2023,Dec,12,Q4,LPG,West,Supplier_E,1560,1705,2339,2326,123929.42,105186.0,67.43,6,1,1,1577,234
2023-12-01,2023,Dec,12,Q4,Kerosene SKO,North,Supplier_A,3715,3181,4379,3349,529135.65,444494.37,119.65,6,1,1,3680,557
2023-12-01,2023,Dec,12,Q4,Kerosene SKO,South,Supplier_A,2360,2395,4125,3717,251871.98,225061.52,95.37,3,1,1,2434,354
2023-12-01,2023,Dec,12,Q4,Kerosene SKO,East,Supplier_B,544,481,1049,1075,53442.8,42851.56,78.77,17,1,1,532,81
2023-12-01,2023,Dec,12,Q4,Kerosene SKO,West,Supplier_E,2851,3048,2743,2113,136627.1,123925.47,43.47,20,1,1,2638,427
2023-12-01,2023,Dec,12,Q4,Bitumen,North,Supplier_A,1230,1316,1292,951,132012.58,112923.35,91.81,5,1,1,1179,184
2023-12-01,2023,Dec,12,Q4,Bitumen,South,Supplier_C,877,894,1657,1532,55363.0,51324.1,58.52,6,1,1,845,131
2023-12-01,2023,Dec,12,Q4,Bitumen,East,Supplier_E,3069,2898,5369,5572,227754.79,204927.05,66.77,3,1,0,2962,460
2023-12-01,2023,Dec,12,Q4,Bitumen,West,Supplier_B,1949,1931,2547,2738,51174.6,41638.77,21.36,7,1,1,1887,292
2023-12-01,2023,Dec,12,Q4,Lubricants,North,Supplier_E,1239,1355,1408,1101,112724.92,95627.55,77.18,14,1,1,1338,185
2023-12-01,2023,Dec,12,Q4,Lubricants,South,Supplier_D,1954,2191,3521,3088,164725.97,151141.06,77.35,19,1,1,1843,293
2023-12-01,2023,Dec,12,Q4,Lubricants,East,Supplier_D,4139,4492,6284,5727,692874.26,598221.93,144.53,19,1,1,3774,620
2023-12-01,2023,Dec,12,Q4,Lubricants,West,Supplier_C,2845,2660,5134,4898,229317.57,195152.93,68.6,17,1,1,2699,426
2023-12-01,2023,Dec,12,Q4,Naphtha,North,Supplier_D,369,357,521,481,31349.55,25742.15,69.76,17,1,1,337,55
2023-12-01,2023,Dec,12,Q4,Naphtha,South,Supplier_B,2926,3257,4299,4544,82404.83,77042.55,26.33,11,1,1,2897,438
2023-12-01,2023,Dec,12,Q4,Naphtha,East,Supplier_B,2551,2812,2948,2261,115453.37,107359.65,42.09,16,1,1,2478,382
2023-12-01,2023,Dec,12,Q4,Naphtha,West,Supplier_D,3992,4529,3876,3288,391754.95,367723.62,92.12,17,1,1,4055,598
2023-12-01,2023,Dec,12,Q4,ATF,North,Supplier_E,1204,1038,2361,2264,187587.89,174833.65,145.21,15,1,1,1232,180
2023-12-01,2023,Dec,12,Q4,ATF,South,Supplier_A,2862,2902,3921,4118,93247.88,84301.76,29.46,13,1,1,2969,429
2023-12-01,2023,Dec,12,Q4,ATF,East,Supplier_C,4249,4236,6615,6597,445753.29,423182.76,99.6,20,1,1,4445,637
2023-12-01,2023,Dec,12,Q4,ATF,West,Supplier_C,1594,1739,2932,2491,188958.64,175286.72,109.97,10,1,1,1600,239
2024-01-01,2024,Jan,1,Q1,Diesel HSD,North,Supplier_E,4091,4697,3327,3294,438711.87,385914.71,94.33,11,1,1,4229,613
2024-01-01,2024,Jan,1,Q1,Diesel HSD,South,Supplier_E,1484,1525,2212,1862,140081.94,120688.05,81.33,14,1,1,1343,222
2024-01-01,2024,Jan,1,Q1,Diesel HSD,East,Supplier_E,968,835,1586,1423,128058.27,113077.67,116.82,10,1,1,896,145
2024-01-01,2024,Jan,1,Q1,Diesel HSD,West,Supplier_A,3492,3596,4946,4300,83636.01,72774.56,20.84,8,1,1,3215,523
2024-01-01,2024,Jan,1,Q1,Petrol MS,North,Supplier_A,1348,1158,2234,2024,53859.21,48930.78,36.3,6,1,1,1246,202
2024-01-01,2024,Jan,1,Q1,Petrol MS,South,Supplier_A,3743,3851,6633,6153,542020.2,439734.34,117.48,12,1,1,3517,561
2024-01-01,2024,Jan,1,Q1,Petrol MS,East,Supplier_C,1566,1535,2369,2268,54778.36,45036.58,28.76,9,1,1,1633,234
2024-01-01,2024,Jan,1,Q1,Petrol MS,West,Supplier_A,597,579,1059,883,73794.53,62338.29,104.42,6,1,1,603,89
2024-01-01,2024,Jan,1,Q1,LPG,North,Supplier_A,3229,3386,5214,5448,576800.14,483069.46,149.6,10,1,1,2942,484
2024-01-01,2024,Jan,1,Q1,LPG,South,Supplier_D,1152,1291,955,705,95737.27,85379.51,74.11,11,1,1,1131,172
2024-01-01,2024,Jan,1,Q1,LPG,East,Supplier_A,1105,1205,995,834,93047.61,75817.51,68.61,20,1,1,1034,165
2024-01-01,2024,Jan,1,Q1,LPG,West,Supplier_D,2899,3013,4845,4400,123826.7,113465.47,39.14,7,1,1,2765,434
2024-01-01,2024,Jan,1,Q1,Kerosene SKO,North,Supplier_A,1760,1924,3150,3181,131455.58,109269.61,62.09,8,1,1,1861,264
2024-01-01,2024,Jan,1,Q1,Kerosene SKO,South,Supplier_E,1372,1211,1506,1268,210352.05,171702.26,125.15,15,1,1,1309,205
2024-01-01,2024,Jan,1,Q1,Kerosene SKO,East,Supplier_C,1324,1396,1586,1453,158556.47,137622.19,103.94,4,1,1,1192,198
2024-01-01,2024,Jan,1,Q1,Kerosene SKO,West,Supplier_C,931,976,1584,1607,148067.21,133084.09,142.95,9,1,1,976,139
2024-01-01,2024,Jan,1,Q1,Bitumen,North,Supplier_D,1584,1643,2480,2199,259189.85,208705.22,131.76,11,1,1,1627,237
2024-01-01,2024,Jan,1,Q1,Bitumen,South,Supplier_D,2751,2760,4195,3876,427260.96,351391.19,127.73,17,1,1,2845,412
2024-01-01,2024,Jan,1,Q1,Bitumen,East,Supplier_B,3562,3179,4150,3279,394093.62,354636.67,99.56,17,1,1,3820,534
2024-01-01,2024,Jan,1,Q1,Bitumen,West,Supplier_D,2151,1988,4152,3763,293300.74,259874.55,120.82,19,1,1,2045,322
2024-01-01,2024,Jan,1,Q1,Lubricants,North,Supplier_C,2270,2283,3016,3133,224067.97,194579.19,85.72,4,1,1,2313,340
2024-01-01,2024,Jan,1,Q1,Lubricants,South,Supplier_A,3984,4324,4122,4233,471294.46,415679.11,104.34,18,1,1,3994,597
2024-01-01,2024,Jan,1,Q1,Lubricants,East,Supplier_E,1780,1679,3230,2880,40488.09,35980.37,20.21,10,1,1,1639,267
2024-01-01,2024,Jan,1,Q1,Lubricants,West,Supplier_A,2622,2450,4684,4686,370319.0,302242.38,115.27,3,1,1,2486,393
2024-01-01,2024,Jan,1,Q1,Naphtha,North,Supplier_B,1957,2080,2116,2115,292171.07,272647.9,139.32,20,1,1,1914,293
2024-01-01,2024,Jan,1,Q1,Naphtha,South,Supplier_C,2552,2509,4110,3863,412016.8,336833.22,131.99,4,1,0,2543,382
2024-01-01,2024,Jan,1,Q1,Naphtha,East,Supplier_C,3409,3912,6235,5345,426632.59,381222.88,111.83,17,1,1,3626,511
2024-01-01,2024,Jan,1,Q1,Naphtha,West,Supplier_C,3429,2985,6824,7100,150083.43,129659.81,37.81,5,1,1,3756,514
2024-01-01,2024,Jan,1,Q1,ATF,North,Supplier_A,2205,2092,2046,2225,68085.26,61364.05,27.83,8,1,1,2329,330
2024-01-01,2024,Jan,1,Q1,ATF,South,Supplier_E,1586,1483,1889,1426,199641.58,188599.47,118.92,8,1,0,1505,237
2024-01-01,2024,Jan,1,Q1,ATF,East,Supplier_C,1527,1689,1245,1099,226712.4,183282.05,120.03,19,1,1,1435,229
2024-01-01,2024,Jan,1,Q1,ATF,West,Supplier_B,3226,3592,6268,6273,293669.83,251334.05,77.91,12,1,1,3438,483
2024-02-01,2024,Feb,2,Q1,Diesel HSD,North,Supplier_B,3212,2880,4678,3826,251246.92,221811.77,69.06,15,0,0,3117,481
2024-02-01,2024,Feb,2,Q1,Diesel HSD,South,Supplier_E,851,823,1648,1440,108768.14,101487.76,119.26,5,1,1,790,127
2024-02-01,2024,Feb,2,Q1,Diesel HSD,East,Supplier_D,3269,3648,5068,5144,105796.71,94718.63,28.97,8,1,1,3332,490
2024-02-01,2024,Feb,2,Q1,Diesel HSD,West,Supplier_C,3000,2763,3479,3350,350068.01,294368.74,98.12,19,1,1,2983,450
2024-02-01,2024,Feb,2,Q1,Petrol MS,North,Supplier_E,2195,2316,1822,1769,142299.45,134099.51,61.09,18,1,1,2010,329
2024-02-01,2024,Feb,2,Q1,Petrol MS,South,Supplier_A,4194,3677,7939,6690,373645.17,347690.27,82.9,6,0,1,4584,629
2024-02-01,2024,Feb,2,Q1,Petrol MS,East,Supplier_B,4562,4206,6078,5224,170626.71,139250.42,30.52,18,1,1,4289,684
2024-02-01,2024,Feb,2,Q1,Petrol MS,West,Supplier_A,3477,3308,6753,6736,416390.77,339583.99,97.67,15,1,1,3287,521
2024-02-01,2024,Feb,2,Q1,LPG,North,Supplier_B,3449,3370,4175,4466,308116.29,268438.49,77.83,3,1,1,3629,517
2024-02-01,2024,Feb,2,Q1,LPG,South,Supplier_D,4052,4325,7113,7247,725320.56,600303.28,148.15,18,1,1,4008,607
2024-02-01,2024,Feb,2,Q1,LPG,East,Supplier_C,2618,2683,3552,3415,255176.74,215823.35,82.44,16,1,1,2608,392
2024-02-01,2024,Feb,2,Q1,LPG,West,Supplier_D,3601,3833,7016,6550,362026.92,294428.72,81.76,3,1,1,3562,540
2024-02-01,2024,Feb,2,Q1,Kerosene SKO,North,Supplier_A,2554,2499,2208,1464,189766.61,169930.28,66.53,18,1,1,2670,383
2024-02-01,2024,Feb,2,Q1,Kerosene SKO,South,Supplier_D,4260,4867,6340,5644,472617.57,444319.67,104.3,20,1,1,4342,639
2024-02-01,2024,Feb,2,Q1,Kerosene SKO,East,Supplier_C,2958,3007,4439,3796,412402.18,386559.57,130.68,7,1,1,2760,443
2024-02-01,2024,Feb,2,Q1,Kerosene SKO,West,Supplier_A,1011,895,979,791,105938.02,88310.88,87.35,13,1,1,1059,151
2024-02-01,2024,Feb,2,Q1,Bitumen,North,Supplier_A,3427,3628,3534,2632,371160.19,305650.61,89.19,19,1,1,3414,514
2024-02-01,2024,Feb,2,Q1,Bitumen,South,Supplier_B,1270,1142,1594,1526,221790.55,185517.09,146.08,14,1,1,1191,190
2024-02-01,2024,Feb,2,Q1,Bitumen,East,Supplier_D,2558,2193,2810,2459,155289.34,144150.26,56.35,12,1,1,2698,383
2024-02-01,2024,Feb,2,Q1,Bitumen,West,Supplier_D,1212,1269,1606,1376,125580.45,112185.45,92.56,9,1,1,1293,181
2024-02-01,2024,Feb,2,Q1,Lubricants,North,Supplier_B,4006,4511,3262,2946,534323.34,465842.78,116.29,10,1,1,3830,600
2024-02-01,2024,Feb,2,Q1,Lubricants,South,Supplier_C,2315,2265,2060,1463,327563.67,298337.35,128.87,12,1,1,2112,347
2024-02-01,2024,Feb,2,Q1,Lubricants,East,Supplier_A,3888,4228,4987,4481,323863.49,271284.46,69.77,4,1,1,3530,583
2024-02-01,2024,Feb,2,Q1,Lubricants,West,Supplier_E,4362,4160,6911,6213,536477.34,437240.54,100.24,12,1,0,4683,654
2024-02-01,2024,Feb,2,Q1,Naphtha,North,Supplier_B,3378,3159,4798,4930,408243.11,368447.54,109.07,18,1,1,3078,506
2024-02-01,2024,Feb,2,Q1,Naphtha,South,Supplier_C,1969,1996,1964,1423,131968.19,120622.02,61.26,14,1,1,1981,295
2024-02-01,2024,Feb,2,Q1,Naphtha,East,Supplier_D,3361,2867,4278,4413,230790.67,218336.11,64.96,11,1,1,3460,504
2024-02-01,2024,Feb,2,Q1,Naphtha,West,Supplier_D,3741,3484,4412,4554,362845.25,306469.85,81.92,5,1,1,3932,561
2024-02-01,2024,Feb,2,Q1,ATF,North,Supplier_A,2566,2716,4960,5211,221777.66,201523.34,78.54,9,1,1,2413,384
2024-02-01,2024,Feb,2,Q1,ATF,South,Supplier_A,4933,5434,8732,7879,117473.61,104288.74,21.14,11,1,1,4822,739
2024-02-01,2024,Feb,2,Q1,ATF,East,Supplier_C,3097,3540,3172,2794,313413.06,258461.0,83.46,12,1,1,2920,464
2024-02-01,2024,Feb,2,Q1,ATF,West,Supplier_C,1747,2007,1465,1105,119099.23,105413.85,60.34,12,1,0,1796,262
2024-03-01,2024,Mar,3,Q1,Diesel HSD,North,Supplier_A,4632,5051,6120,6341,249673.47,201424.75,43.49,4,1,1,4732,694
2024-03-01,2024,Mar,3,Q1,Diesel HSD,South,Supplier_B,1000,918,870,689,88487.24,81660.13,81.66,19,1,1,1016,150
2024-03-01,2024,Mar,3,Q1,Diesel HSD,East,Supplier_C,1383,1466,1788,1652,34440.59,28982.0,20.96,13,1,1,1443,207
2024-03-01,2024,Mar,3,Q1,Diesel HSD,West,Supplier_C,3690,3930,4916,5194,246521.87,215285.51,58.34,19,1,1,3675,553
2024-03-01,2024,Mar,3,Q1,Petrol MS,North,Supplier_D,1103,1075,2044,1803,163273.6,140566.76,127.44,18,1,1,1096,165
2024-03-01,2024,Mar,3,Q1,Petrol MS,South,Supplier_D,5150,5327,5205,4717,724322.34,581947.59,113.0,9,1,1,5022,772
2024-03-01,2024,Mar,3,Q1,Petrol MS,East,Supplier_D,5330,5306,5409,5709,507263.67,425580.24,79.85,10,1,0,5474,799
2024-03-01,2024,Mar,3,Q1,Petrol MS,West,Supplier_C,3977,4304,3823,3373,446085.31,392794.71,98.77,6,1,1,4064,596
2024-03-01,2024,Mar,3,Q1,LPG,North,Supplier_B,925,934,1269,1135,153859.82,125212.8,135.37,18,0,1,916,138
2024-03-01,2024,Mar,3,Q1,LPG,South,Supplier_A,1332,1237,1820,1593,232636.71,191513.24,143.78,3,1,1,1303,199
2024-03-01,2024,Mar,3,Q1,LPG,East,Supplier_E,942,924,1330,1144,61474.75,57593.34,61.14,18,0,1,955,141
2024-03-01,2024,Mar,3,Q1,LPG,West,Supplier_D,2340,2558,4535,3918,119137.5,95912.39,40.99,11,1,1,2316,351
2024-03-01,2024,Mar,3,Q1,Kerosene SKO,North,Supplier_D,1875,2081,3650,3265,270169.49,252637.52,134.74,8,1,1,2004,281
2024-03-01,2024,Mar,3,Q1,Kerosene SKO,South,Supplier_A,2600,2634,4248,4003,453335.37,386716.39,148.74,13,1,1,2520,390
2024-03-01,2024,Mar,3,Q1,Kerosene SKO,East,Supplier_D,2580,2218,3103,2859,356283.77,318794.69,123.56,3,1,1,2443,387
2024-03-01,2024,Mar,3,Q1,Kerosene SKO,West,Supplier_C,2128,1925,3012,3092,76942.37,64581.95,30.35,9,1,1,2106,319
2024-03-01,2024,Mar,3,Q1,Bitumen,North,Supplier_C,2132,2050,1942,1692,185926.71,151973.91,71.28,5,1,1,2213,319
2024-03-01,2024,Mar,3,Q1,Bitumen,South,Supplier_E,3824,4270,3796,2913,224551.34,209097.73,54.68,8,1,1,3547,573
2024-03-01,2024,Mar,3,Q1,Bitumen,East,Supplier_B,1566,1561,1855,1505,117428.85,94321.81,60.23,4,1,1,1717,234
2024-03-01,2024,Mar,3,Q1,Bitumen,West,Supplier_E,3030,3226,4632,3830,347775.6,327219.99,107.99,4,1,1,3238,454
2024-03-01,2024,Mar,3,Q1,Lubricants,North,Supplier_B,2907,2574,2566,2256,155558.28,141314.24,48.61,6,1,1,2773,436
2024-03-01,2024,Mar,3,Q1,Lubricants,South,Supplier_C,878,748,1238,1023,142548.66,116431.15,132.61,5,1,1,916,131
2024-03-01,2024,Mar,3,Q1,Lubricants,East,Supplier_D,1862,1824,1694,1691,47496.68,40289.08,21.64,10,1,1,2045,279
2024-03-01,2024,Mar,3,Q1,Lubricants,West,Supplier_D,4382,3956,8060,7523,202575.19,165713.5,37.82,14,1,1,4809,657
2024-03-01,2024,Mar,3,Q1,Naphtha,North,Supplier_E,2055,2097,2954,2713,167143.79,147102.27,71.58,5,1,1,2087,308
2024-03-01,2024,Mar,3,Q1,Naphtha,South,Supplier_E,3055,3097,5063,4689,81904.49,71855.27,23.52,4,0,1,3148,458
2024-03-01,2024,Mar,3,Q1,Naphtha,East,Supplier_C,3046,3013,2923,3139,481986.61,404512.68,132.8,16,1,1,3209,456
2024-03-01,2024,Mar,3,Q1,Naphtha,West,Supplier_B,4074,4482,6081,5912,374735.84,324238.47,79.59,8,1,1,4073,611
2024-03-01,2024,Mar,3,Q1,ATF,North,Supplier_C,1349,1200,2198,2222,59569.38,55627.47,41.24,4,1,1,1340,202
2024-03-01,2024,Mar,3,Q1,ATF,South,Supplier_B,3869,3438,6541,6375,277358.17,236189.46,61.05,9,1,1,3780,580
2024-03-01,2024,Mar,3,Q1,ATF,East,Supplier_E,1536,1690,2538,2146,196327.3,177668.59,115.67,9,0,1,1468,230
2024-03-01,2024,Mar,3,Q1,ATF,West,Supplier_B,3054,3510,2717,2073,249686.67,223022.85,73.03,6,1,1,3143,458
2024-04-01,2024,Apr,4,Q2,Diesel HSD,North,Supplier_B,3993,3699,6873,6875,420925.32,385274.75,96.49,20,1,1,4252,598
2024-04-01,2024,Apr,4,Q2,Diesel HSD,South,Supplier_A,4063,4025,7777,7599,283997.76,245871.95,60.51,17,0,1,4045,609
2024-04-01,2024,Apr,4,Q2,Diesel HSD,East,Supplier_C,2060,2214,3377,3011,63190.15,56489.86,27.42,18,1,1,2212,309
2024-04-01,2024,Apr,4,Q2,Diesel HSD,West,Supplier_C,1260,1244,1124,1084,175523.78,159722.29,126.76,8,1,1,1195,189
2024-04-01,2024,Apr,4,Q2,Petrol MS,North,Supplier_B,4277,3766,8097,8217,538489.25,508127.01,118.8,16,1,1,4316,641
2024-04-01,2024,Apr,4,Q2,Petrol MS,South,Supplier_A,5067,5451,8476,8718,255576.88,226128.28,44.63,10,1,1,4671,760
2024-04-01,2024,Apr,4,Q2,Petrol MS,East,Supplier_C,6512,6173,7941,7540,382425.0,362377.66,55.65,19,1,1,6826,976
2024-04-01,2024,Apr,4,Q2,Petrol MS,West,Supplier_C,5533,5847,6310,6185,397365.25,330628.6,59.76,3,1,1,5359,829
2024-04-01,2024,Apr,4,Q2,LPG,North,Supplier_E,641,606,1110,935,82223.46,67850.15,105.85,9,0,1,579,96
2024-04-01,2024,Apr,4,Q2,LPG,South,Supplier_E,4066,4418,7032,6166,434111.79,409687.92,100.76,3,1,0,4453,609
2024-04-01,2024,Apr,4,Q2,LPG,East,Supplier_C,2480,2217,3906,3393,118834.2,100139.56,40.38,3,1,1,2454,372
2024-04-01,2024,Apr,4,Q2,LPG,West,Supplier_D,2752,3151,5194,4429,403046.76,353066.34,128.29,9,0,1,2998,412
2024-04-01,2024,Apr,4,Q2,Kerosene SKO,North,Supplier_C,3027,3068,4906,4228,303697.82,265513.76,87.72,18,1,1,3072,454
2024-04-01,2024,Apr,4,Q2,Kerosene SKO,South,Supplier_E,2272,2473,2203,1639,256543.99,235483.17,103.65,6,1,0,2418,340
2024-04-01,2024,Apr,4,Q2,Kerosene SKO,East,Supplier_B,2287,2312,3687,3625,256685.06,232668.91,101.74,19,1,1,2439,343
2024-04-01,2024,Apr,4,Q2,Kerosene SKO,West,Supplier_C,597,508,812,796,31754.15,29501.38,49.42,4,1,1,645,89
2024-04-01,2024,Apr,4,Q2,Bitumen,North,Supplier_C,5191,4751,4640,4273,193987.47,170186.1,32.78,19,0,1,5319,778
2024-04-01,2024,Apr,4,Q2,Bitumen,South,Supplier_B,4371,4066,8281,8076,547570.53,497144.89,113.74,17,1,1,4061,655
2024-04-01,2024,Apr,4,Q2,Bitumen,East,Supplier_B,3849,4024,4950,4712,137724.54,130745.03,33.97,18,0,1,3668,577
2024-04-01,2024,Apr,4,Q2,Bitumen,West,Supplier_E,4674,4304,4210,4247,594387.13,476386.99,101.92,11,1,1,4694,701
2024-04-01,2024,Apr,4,Q2,Lubricants,North,Supplier_D,2726,2984,3418,2696,219092.8,175797.88,64.49,15,0,1,2483,408
2024-04-01,2024,Apr,4,Q2,Lubricants,South,Supplier_E,1933,2024,3233,3261,111008.37,99901.44,51.68,12,1,1,1806,289
2024-04-01,2024,Apr,4,Q2,Lubricants,East,Supplier_A,2968,2968,2829,2629,185021.21,175063.49,58.98,8,1,1,3197,445
2024-04-01,2024,Apr,4,Q2,Lubricants,West,Supplier_D,2964,2740,5608,4901,317559.18,300787.22,101.48,20,1,1,3036,444
2024-04-01,2024,Apr,4,Q2,Naphtha,North,Supplier_C,2108,2398,3840,3935,184738.55,153632.28,72.88,10,1,1,2118,316
2024-04-01,2024,Apr,4,Q2,Naphtha,South,Supplier_B,3180,3388,4233,4210,193935.71,159930.04,50.29,14,1,1,2906,477
2024-04-01,2024,Apr,4,Q2,Naphtha,East,Supplier_B,4823,5354,7731,7148,438924.25,402368.54,83.43,18,1,1,4766,723
2024-04-01,2024,Apr,4,Q2,Naphtha,West,Supplier_D,1404,1579,2472,2304,185892.26,159256.99,113.43,12,1,1,1333,210
2024-04-01,2024,Apr,4,Q2,ATF,North,Supplier_B,2611,2965,3758,3634,254455.76,236510.28,90.58,15,1,1,2507,391
2024-04-01,2024,Apr,4,Q2,ATF,South,Supplier_B,2022,1965,3865,3832,173662.1,150558.26,74.46,8,1,1,2108,303
2024-04-01,2024,Apr,4,Q2,ATF,East,Supplier_C,4740,4277,7477,6520,647234.0,536961.32,113.28,20,1,1,4289,711
2024-04-01,2024,Apr,4,Q2,ATF,West,Supplier_B,4077,4683,7178,7333,442625.01,418236.8,102.58,11,1,1,4456,611
2024-05-01,2024,May,5,Q2,Diesel HSD,North,Supplier_B,3247,3021,6486,6626,295482.14,237134.63,73.03,16,1,1,3001,487
2024-05-01,2024,May,5,Q2,Diesel HSD,South,Supplier_D,5700,6161,10106,9308,922954.08,815840.33,143.13,6,1,1,5915,855
2024-05-01,2024,May,5,Q2,Diesel HSD,East,Supplier_A,4568,5014,7992,6988,694770.95,569471.99,124.67,13,1,1,4455,685
2024-05-01,2024,May,5,Q2,Diesel HSD,West,Supplier_B,6087,6352,4993,5505,169366.96,157023.0,25.8,10,1,1,6289,913
2024-05-01,2024,May,5,Q2,Petrol MS,North,Supplier_A,5172,5875,9743,9667,773428.84,653528.36,126.36,4,1,1,4989,775
2024-05-01,2024,May,5,Q2,Petrol MS,South,Supplier_E,4393,4867,4637,4387,159952.04,135712.19,30.89,4,1,1,4659,658
2024-05-01,2024,May,5,Q2,Petrol MS,East,Supplier_D,4024,4548,4216,4191,616027.68,533737.88,132.64,18,1,1,4308,603
2024-05-01,2024,May,5,Q2,Petrol MS,West,Supplier_B,1582,1780,2717,2292,132377.38,123673.44,78.18,15,0,1,1644,237
2024-05-01,2024,May,5,Q2,LPG,North,Supplier_B,5597,5153,9270,9546,249804.53,204202.26,36.48,7,1,1,5217,839
2024-05-01,2024,May,5,Q2,LPG,South,Supplier_B,5493,5627,4914,3687,503605.58,448727.38,81.69,16,1,1,5819,823
2024-05-01,2024,May,5,Q2,LPG,East,Supplier_A,3524,3890,6337,5848,256286.74,223171.33,63.33,8,1,1,3407,528
2024-05-01,2024,May,5,Q2,LPG,West,Supplier_C,1450,1645,1690,1352,128743.08,115836.82,79.89,18,1,1,1434,217
2024-05-01,2024,May,5,Q2,Kerosene SKO,North,Supplier_A,4742,4426,4843,4364,316935.43,264951.41,55.87,8,1,1,4589,711
2024-05-01,2024,May,5,Q2,Kerosene SKO,South,Supplier_B,1736,1862,1497,1568,97315.41,79448.96,45.77,12,1,1,1643,260
2024-05-01,2024,May,5,Q2,Kerosene SKO,East,Supplier_B,4278,4847,8435,7795,694262.05,599036.29,140.03,7,1,1,4696,641
2024-05-01,2024,May,5,Q2,Kerosene SKO,West,Supplier_A,1773,1787,1848,1394,150751.08,123827.07,69.84,18,1,1,1636,265
2024-05-01,2024,May,5,Q2,Bitumen,North,Supplier_D,4497,4329,7678,7299,142487.23,135237.7,30.07,6,1,1,4811,674
2024-05-01,2024,May,5,Q2,Bitumen,South,Supplier_B,3983,3817,3704,3904,525744.31,485172.43,121.81,16,1,1,4338,597
2024-05-01,2024,May,5,Q2,Bitumen,East,Supplier_B,2746,2476,4585,4316,324616.41,297656.3,108.4,13,0,1,2742,411
2024-05-01,2024,May,5,Q2,Bitumen,West,Supplier_C,960,887,1196,1005,90768.67,80221.08,83.56,5,1,1,874,144
2024-05-01,2024,May,5,Q2,Lubricants,North,Supplier_D,812,780,805,849,21214.09,17296.7,21.3,15,1,1,813,121
2024-05-01,2024,May,5,Q2,Lubricants,South,Supplier_C,3308,3198,3603,2631,236038.56,221017.25,66.81,20,1,1,3108,496
2024-05-01,2024,May,5,Q2,Lubricants,East,Supplier_D,1566,1631,1518,1624,62524.43,50381.78,32.17,9,1,1,1613,234
2024-05-01,2024,May,5,Q2,Lubricants,West,Supplier_E,3544,3287,4269,3776,108586.22,94480.06,26.66,10,1,0,3263,531
2024-05-01,2024,May,5,Q2,Naphtha,North,Supplier_D,1973,1894,2462,1989,291016.97,244255.34,123.8,9,1,1,2023,295
2024-05-01,2024,May,5,Q2,Naphtha,South,Supplier_B,4307,4119,6046,5603,101631.34,88357.21,20.51,18,1,1,4212,646
2024-05-01,2024,May,5,Q2,Naphtha,East,Supplier_E,1873,1645,2721,2713,259761.9,221764.12,118.4,12,1,1,1894,280
2024-05-01,2024,May,5,Q2,Naphtha,West,Supplier_E,3821,3634,3139,2604,410354.68,349560.36,91.48,17,0,0,3800,573
2024-05-01,2024,May,5,Q2,ATF,North,Supplier_D,2441,2413,4597,3914,361010.27,322852.48,132.26,4,0,1,2465,366
2024-05-01,2024,May,5,Q2,ATF,South,Supplier_E,1652,1788,2554,2459,249568.63,215472.16,130.43,3,1,1,1674,247
2024-05-01,2024,May,5,Q2,ATF,East,Supplier_D,4079,3571,4746,4737,707776.86,592989.45,145.38,20,0,1,3739,611
2024-05-01,2024,May,5,Q2,ATF,West,Supplier_E,734,627,1206,992,81104.6,74907.97,102.05,10,1,1,785,110
2024-06-01,2024,Jun,6,Q2,Diesel HSD,North,Supplier_E,4510,4740,5066,4213,761578.01,637460.12,141.34,7,1,1,4518,676
2024-06-01,2024,Jun,6,Q2,Diesel HSD,South,Supplier_B,590,576,785,765,42705.74,35992.44,61.0,19,1,1,594,88
2024-06-01,2024,Jun,6,Q2,Diesel HSD,East,Supplier_D,4829,4241,4591,3942,707556.27,575219.8,119.12,5,1,1,5142,724
2024-06-01,2024,Jun,6,Q2,Diesel HSD,West,Supplier_C,4717,5396,7148,7072,114039.61,98851.89,20.96,9,0,0,4755,707
2024-06-01,2024,Jun,6,Q2,Petrol MS,North,Supplier_E,3755,3542,3946,4093,599283.42,517373.21,137.78,20,1,1,3502,563
2024-06-01,2024,Jun,6,Q2,Petrol MS,South,Supplier_A,1002,1127,1541,1317,117396.8,99027.86,98.83,15,1,1,1091,150
2024-06-01,2024,Jun,6,Q2,Petrol MS,East,Supplier_C,5246,4732,8541,8321,853500.91,713286.3,135.97,15,1,1,5169,786
2024-06-01,2024,Jun,6,Q2,Petrol MS,West,Supplier_D,1041,1119,1698,1798,67169.9,58427.01,56.13,12,1,1,1102,156
2024-06-01,2024,Jun,6,Q2,LPG,North,Supplier_A,4917,4267,9176,8348,345065.63,299427.56,60.9,6,1,1,5267,737
2024-06-01,2024,Jun,6,Q2,LPG,South,Supplier_C,2883,2784,5473,5486,308140.89,246972.26,85.67,5,1,1,2654,432
2024-06-01,2024,Jun,6,Q2,LPG,East,Supplier_A,6174,6668,6926,6532,869911.25,702529.52,113.79,14,1,1,6378,926
2024-06-01,2024,Jun,6,Q2,LPG,West,Supplier_C,3542,3144,5084,4402,96194.55,80526.65,22.73,16,1,1,3874,531
2024-06-01,2024,Jun,6,Q2,Kerosene SKO,North,Supplier_A,1911,1789,2913,2377,65234.4,61741.6,32.31,5,1,1,2095,286
2024-06-01,2024,Jun,6,Q2,Kerosene SKO,South,Supplier_C,5984,6789,6711,6858,188398.14,162745.51,27.2,19,1,1,6371,897
2024-06-01,2024,Jun,6,Q2,Kerosene SKO,East,Supplier_E,1830,1947,3494,3323,74480.28,64449.62,35.22,10,1,1,1874,274
2024-06-01,2024,Jun,6,Q2,Kerosene SKO,West,Supplier_A,6405,5660,7187,6527,893043.16,824802.97,128.77,14,1,1,6069,960
2024-06-01,2024,Jun,6,Q2,Bitumen,North,Supplier_A,6351,5647,7914,6074,374043.35,310127.8,48.83,9,1,1,5823,952
2024-06-01,2024,Jun,6,Q2,Bitumen,South,Supplier_D,5220,5870,9528,9388,168814.88,139913.08,26.8,4,1,1,4941,783
2024-06-01,2024,Jun,6,Q2,Bitumen,East,Supplier_E,4454,4065,6433,6410,517593.37,452307.43,101.55,18,1,0,4658,668
2024-06-01,2024,Jun,6,Q2,Bitumen,West,Supplier_B,4302,4120,7872,6981,167994.48,150637.81,35.02,9,0,1,4301,645
2024-06-01,2024,Jun,6,Q2,Lubricants,North,Supplier_A,1095,1135,2151,2067,80518.98,69785.65,63.73,3,1,1,1017,164
2024-06-01,2024,Jun,6,Q2,Lubricants,South,Supplier_C,762,720,1051,912,43122.35,40867.32,53.63,19,1,1,831,114
2024-06-01,2024,Jun,6,Q2,Lubricants,East,Supplier_E,1358,1318,2188,1883,184293.78,171701.56,126.44,9,1,1,1461,203
2024-06-01,2024,Jun,6,Q2,Lubricants,West,Supplier_C,888,974,774,641,143376.55,124609.3,140.33,3,1,1,888,133
2024-06-01,2024,Jun,6,Q2,Naphtha,North,Supplier_C,3546,3778,4057,3347,255235.49,235144.08,66.31,17,1,1,3468,531
2024-06-01,2024,Jun,6,Q2,Naphtha,South,Supplier_C,2842,3200,4257,4010,311334.16,277183.58,97.53,4,1,1,2862,426
2024-06-01,2024,Jun,6,Q2,Naphtha,East,Supplier_B,6261,5688,5660,5297,203379.34,171691.14,27.42,11,1,1,6263,939
2024-06-01,2024,Jun,6,Q2,Naphtha,West,Supplier_B,2935,2956,4643,4677,437347.97,351413.99,119.73,14,1,1,3077,440
2024-06-01,2024,Jun,6,Q2,ATF,North,Supplier_E,2541,2868,4923,4231,236247.49,201587.05,79.33,11,1,1,2402,381
2024-06-01,2024,Jun,6,Q2,ATF,South,Supplier_A,3764,3301,5258,4524,467515.36,429736.73,114.17,20,1,1,3717,564
2024-06-01,2024,Jun,6,Q2,ATF,East,Supplier_C,4540,4185,5909,5003,301557.71,279998.99,61.67,3,1,1,4400,681
2024-06-01,2024,Jun,6,Q2,ATF,West,Supplier_D,3484,3308,5899,5065,144035.49,128703.62,36.94,7,1,1,3533,522
2024-07-01,2024,Jul,7,Q3,Diesel HSD,North,Supplier_C,2112,1955,3096,2908,243669.02,222196.5,105.21,5,1,1,1907,316
2024-07-01,2024,Jul,7,Q3,Diesel HSD,South,Supplier_B,3027,2761,5323,5387,247847.09,223949.53,73.98,3,1,1,2902,454
2024-07-01,2024,Jul,7,Q3,Diesel HSD,East,Supplier_D,1175,1000,1260,1098,185724.93,153530.14,130.66,6,1,1,1174,176
2024-07-01,2024,Jul,7,Q3,Diesel HSD,West,Supplier_E,3175,3483,5805,5379,114182.26,100375.04,31.61,18,1,1,3383,476
2024-07-01,2024,Jul,7,Q3,Petrol MS,North,Supplier_D,4461,3911,5374,4195,783625.58,646848.05,145.0,20,1,1,4153,669
2024-07-01,2024,Jul,7,Q3,Petrol MS,South,Supplier_C,5537,6274,4455,3321,852459.26,786244.0,142.0,11,1,1,5511,830
2024-07-01,2024,Jul,7,Q3,Petrol MS,East,Supplier_A,1741,1706,2954,3127,213380.45,198893.68,114.24,9,1,0,1628,261
2024-07-01,2024,Jul,7,Q3,Petrol MS,West,Supplier_B,5361,6163,6134,5127,236653.26,218554.19,40.77,11,1,1,5382,804
2024-07-01,2024,Jul,7,Q3,LPG,North,Supplier_C,4319,4096,4040,4247,480323.7,443534.23,102.69,10,1,1,4157,647
2024-07-01,2024,Jul,7,Q3,LPG,South,Supplier_A,1703,1665,2491,2388,107138.13,94812.01,55.67,4,1,1,1720,255
2024-07-01,2024,Jul,7,Q3,LPG,East,Supplier_E,3191,2831,2960,2881,188909.55,171590.52,53.77,13,1,1,3241,478
2024-07-01,2024,Jul,7,Q3,LPG,West,Supplier_E,4692,4641,6192,6285,618593.77,544889.96,116.13,15,1,1,4271,703
2024-07-01,2024,Jul,7,Q3,Kerosene SKO,North,Supplier_C,3000,3276,4231,3396,332587.35,268833.52,89.61,11,1,1,3259,450
2024-07-01,2024,Jul,7,Q3,Kerosene SKO,South,Supplier_B,4129,4514,4280,3393,503845.28,445486.46,107.89,15,1,1,4488,619
2024-07-01,2024,Jul,7,Q3,Kerosene SKO,East,Supplier_B,4180,3686,6706,5934,469431.24,401817.3,96.13,12,1,1,4038,627
2024-07-01,2024,Jul,7,Q3,Kerosene SKO,West,Supplier_A,4851,4776,7367,6050,296737.24,240020.79,49.48,19,1,1,5079,727
2024-07-01,2024,Jul,7,Q3,Bitumen,North,Supplier_D,4478,4303,4797,5017,618313.39,563750.99,125.89,17,1,1,4547,671
2024-07-01,2024,Jul,7,Q3,Bitumen,South,Supplier_B,1272,1244,2136,1925,88312.88,79778.01,62.72,8,1,1,1212,190
2024-07-01,2024,Jul,7,Q3,Bitumen,East,Supplier_D,2653,2314,3827,3937,67737.26,54744.6,20.63,15,1,1,2737,397
2024-07-01,2024,Jul,7,Q3,Bitumen,West,Supplier_E,2098,2347,3709,3082,146618.82,129253.05,61.61,10,1,1,1998,314
2024-07-01,2024,Jul,7,Q3,Lubricants,North,Supplier_C,6170,6820,8512,7687,989535.24,907736.45,147.12,17,1,1,6382,925
2024-07-01,2024,Jul,7,Q3,Lubricants,South,Supplier_D,3921,3817,7533,6432,215890.53,185604.08,47.34,13,1,1,4037,588
2024-07-01,2024,Jul,7,Q3,Lubricants,East,Supplier_A,720,798,1141,1072,31052.13,29275.36,40.66,15,1,1,703,108
2024-07-01,2024,Jul,7,Q3,Lubricants,West,Supplier_A,2107,2304,3878,3813,63984.23,55004.02,26.11,15,1,0,2229,316
2024-07-01,2024,Jul,7,Q3,Naphtha,North,Supplier_E,3803,3742,3074,3179,294117.43,253953.83,66.78,19,1,0,3826,570
2024-07-01,2024,Jul,7,Q3,Naphtha,South,Supplier_E,2424,2738,4471,4152,327728.01,266323.01,109.87,17,1,1,2473,363
2024-07-01,2024,Jul,7,Q3,Naphtha,East,Supplier_A,4650,5138,5352,4268,360992.43,322109.03,69.27,4,1,1,4513,697
2024-07-01,2024,Jul,7,Q3,Naphtha,West,Supplier_A,5111,4406,9025,8246,811061.2,670054.52,131.1,5,1,1,5192,766
2024-07-01,2024,Jul,7,Q3,ATF,North,Supplier_E,4551,4831,8123,7187,544221.02,482294.58,105.98,9,1,1,4410,682
2024-07-01,2024,Jul,7,Q3,ATF,South,Supplier_B,2650,2444,2782,2252,365660.26,330634.56,124.77,18,1,1,2573,397
2024-07-01,2024,Jul,7,Q3,ATF,East,Supplier_D,5182,4886,9485,9382,398754.33,374325.65,72.24,16,1,1,4673,777
2024-07-01,2024,Jul,7,Q3,ATF,West,Supplier_D,4595,4713,6911,6351,652261.17,591355.45,128.7,18,1,1,4855,689
2024-08-01,2024,Aug,8,Q3,Diesel HSD,North,Supplier_C,5867,5124,9538,9620,779726.97,723914.0,123.39,10,1,1,5829,880
2024-08-01,2024,Aug,8,Q3,Diesel HSD,South,Supplier_B,4070,4439,4462,4705,697759.49,563317.09,138.41,17,1,1,3769,610
2024-08-01,2024,Aug,8,Q3,Diesel HSD,East,Supplier_D,3756,3753,3702,2850,287946.62,253365.43,67.46,16,1,1,3517,563
2024-08-01,2024,Aug,8,Q3,Diesel HSD,West,Supplier_E,3631,4038,5393,4316,219840.5,194314.47,53.52,4,1,1,3742,544
2024-08-01,2024,Aug,8,Q3,Petrol MS,North,Supplier_B,1457,1673,2008,2011,121544.74,114812.8,78.8,7,1,1,1380,218
2024-08-01,2024,Aug,8,Q3,Petrol MS,South,Supplier_B,3895,3546,7598,7385,223736.11,210397.3,54.02,11,1,1,3829,584
2024-08-01,2024,Aug,8,Q3,Petrol MS,East,Supplier_A,1689,1488,2746,2346,229926.85,206730.2,122.4,9,1,1,1826,253
2024-08-01,2024,Aug,8,Q3,Petrol MS,West,Supplier_A,5390,5849,8088,6648,685501.48,644292.59,119.53,20,0,1,5347,808
2024-08-01,2024,Aug,8,Q3,LPG,North,Supplier_E,522,519,880,904,62668.52,52937.95,101.41,5,1,1,529,78
2024-08-01,2024,Aug,8,Q3,LPG,South,Supplier_D,5436,5794,9266,8111,495017.51,421807.49,77.6,3,1,1,5784,815
2024-08-01,2024,Aug,8,Q3,LPG,East,Supplier_B,3459,3270,5801,5161,426262.87,400615.35,115.82,11,1,1,3204,518
2024-08-01,2024,Aug,8,Q3,LPG,West,Supplier_C,2158,1990,2977,3095,179153.77,149301.63,69.19,15,0,1,2033,323
2024-08-01,2024,Aug,8,Q3,Kerosene SKO,North,Supplier_B,1441,1401,2501,2513,88324.57,71550.04,49.65,19,1,1,1329,216
2024-08-01,2024,Aug,8,Q3,Kerosene SKO,South,Supplier_B,2627,2871,4896,4384,147722.16,129229.3,49.19,17,1,1,2423,394
2024-08-01,2024,Aug,8,Q3,Kerosene SKO,East,Supplier_B,3858,3847,5116,5131,356716.42,287973.97,74.64,18,1,1,4075,578
2024-08-01,2024,Aug,8,Q3,Kerosene SKO,West,Supplier_D,4656,4098,3788,3412,776273.47,682296.1,146.54,15,0,1,4989,698
2024-08-01,2024,Aug,8,Q3,Bitumen,North,Supplier_D,1644,1674,1459,1468,115047.59,93723.47,57.01,5,1,1,1727,246
2024-08-01,2024,Aug,8,Q3,Bitumen,South,Supplier_B,2454,2102,3729,3675,331537.82,312417.72,127.31,3,1,1,2657,368
2024-08-01,2024,Aug,8,Q3,Bitumen,East,Supplier_E,2961,2801,4331,3502,90882.39,76111.15,25.7,11,1,1,3061,444
2024-08-01,2024,Aug,8,Q3,Bitumen,West,Supplier_B,5005,5372,4482,3077,446038.09,391561.07,78.23,7,1,1,4652,750
2024-08-01,2024,Aug,8,Q3,Lubricants,North,Supplier_A,3753,4175,4360,3376,521265.28,445068.35,118.59,15,1,1,3533,562
2024-08-01,2024,Aug,8,Q3,Lubricants,South,Supplier_A,4867,4947,5885,6297,471575.63,443689.51,91.16,12,0,1,4854,730
2024-08-01,2024,Aug,8,Q3,Lubricants,East,Supplier_D,3711,4046,5776,5097,301240.09,254427.05,68.56,20,1,1,3925,556
2024-08-01,2024,Aug,8,Q3,Lubricants,West,Supplier_B,4845,4883,5639,4888,173111.27,138725.41,28.63,3,1,1,4585,726
2024-08-01,2024,Aug,8,Q3,Naphtha,North,Supplier_A,4158,4548,7032,6884,225582.64,210909.38,50.72,15,1,1,4567,623
2024-08-01,2024,Aug,8,Q3,Naphtha,South,Supplier_A,3531,4018,3429,3088,505634.48,451475.21,127.86,15,1,1,3615,529
2024-08-01,2024,Aug,8,Q3,Naphtha,East,Supplier_B,5504,6231,6578,5019,539104.04,465189.09,84.52,6,1,1,5742,825
2024-08-01,2024,Aug,8,Q3,Naphtha,West,Supplier_E,3576,3795,4808,4508,534601.11,466482.13,130.45,11,1,1,3862,536
2024-08-01,2024,Aug,8,Q3,ATF,North,Supplier_D,1687,1584,2204,1899,98986.96,91424.2,54.19,15,1,1,1663,253
2024-08-01,2024,Aug,8,Q3,ATF,South,Supplier_E,3494,3690,4159,3243,568175.26,513140.06,146.86,18,1,1,3339,524
2024-08-01,2024,Aug,8,Q3,ATF,East,Supplier_D,3809,3384,3131,3039,264913.07,225420.18,59.18,7,1,1,3805,571
2024-08-01,2024,Aug,8,Q3,ATF,West,Supplier_E,4777,4916,6253,5673,307848.96,253368.0,53.04,20,1,1,4483,716
2024-09-01,2024,Sep,9,Q3,Diesel HSD,North,Supplier_D,1246,1132,2028,1848,105538.5,92267.2,74.05,17,1,1,1286,186
2024-09-01,2024,Sep,9,Q3,Diesel HSD,South,Supplier_E,1446,1428,1492,1179,40878.8,33252.39,23.0,3,1,0,1525,216
2024-09-01,2024,Sep,9,Q3,Diesel HSD,East,Supplier_E,2562,2771,4639,4649,130510.17,107264.39,41.87,11,1,1,2560,384
2024-09-01,2024,Sep,9,Q3,Diesel HSD,West,Supplier_A,3550,3664,4564,3818,217318.05,189649.85,53.42,16,1,1,3811,532
2024-09-01,2024,Sep,9,Q3,Petrol MS,North,Supplier_A,2005,2073,2407,2461,61329.83,50099.54,24.99,18,1,1,2072,300
2024-09-01,2024,Sep,9,Q3,Petrol MS,South,Supplier_E,1706,1498,1475,1458,62167.33,52097.39,30.54,3,1,1,1862,255
2024-09-01,2024,Sep,9,Q3,Petrol MS,East,Supplier_A,3441,3334,4143,3894,483836.46,454021.91,131.94,7,1,0,3375,516
2024-09-01,2024,Sep,9,Q3,Petrol MS,West,Supplier_B,5199,4614,4968,4566,842508.6,743608.94,143.03,3,0,1,5714,779
2024-09-01,2024,Sep,9,Q3,LPG,North,Supplier_A,4638,5013,6428,5663,508584.15,423935.95,91.4,5,1,1,4784,695
2024-09-01,2024,Sep,9,Q3,LPG,South,Supplier_E,1097,1049,1684,1611,117851.53,100035.53,91.19,17,1,1,1095,164
2024-09-01,2024,Sep,9,Q3,LPG,East,Supplier_D,5085,4857,6537,5812,242762.72,228537.77,44.94,12,1,0,5043,762
2024-09-01,2024,Sep,9,Q3,LPG,West,Supplier_A,4336,4764,7131,7470,375083.87,317224.1,73.16,7,1,1,4342,650
2024-09-01,2024,Sep,9,Q3,Kerosene SKO,North,Supplier_E,3476,3811,2899,2733,252181.08,227490.56,65.45,14,1,1,3319,521
2024-09-01,2024,Sep,9,Q3,Kerosene SKO,South,Supplier_D,2796,2684,4056,3382,344096.37,327190.14,117.02,13,0,1,2892,419
2024-09-01,2024,Sep,9,Q3,Kerosene SKO,East,Supplier_E,3419,3599,5630,5273,261110.45,238584.18,69.78,3,1,1,3651,512
2024-09-01,2024,Sep,9,Q3,Kerosene SKO,West,Supplier_B,1040,1195,1938,1963,78279.93,71406.17,68.66,7,1,1,1099,156
2024-09-01,2024,Sep,9,Q3,Bitumen,North,Supplier_E,1839,2030,3173,3269,268524.82,229409.91,124.75,18,1,1,1745,275
2024-09-01,2024,Sep,9,Q3,Bitumen,South,Supplier_C,2328,2625,4548,4026,268462.35,251262.48,107.93,5,1,1,2268,349
2024-09-01,2024,Sep,9,Q3,Bitumen,East,Supplier_C,2887,3234,4910,4608,316843.88,284135.3,98.42,7,1,1,2786,433
2024-09-01,2024,Sep,9,Q3,Bitumen,West,Supplier_E,2473,2515,4631,4852,72126.97,64332.74,26.01,19,1,1,2383,370
2024-09-01,2024,Sep,9,Q3,Lubricants,North,Supplier_D,1745,1560,1549,1592,246837.06,205584.03,117.81,15,1,1,1867,261
2024-09-01,2024,Sep,9,Q3,Lubricants,South,Supplier_B,4189,4538,5866,5208,276794.67,234858.28,56.07,12,1,1,4415,628
2024-09-01,2024,Sep,9,Q3,Lubricants,East,Supplier_E,1423,1625,2822,2686,232399.25,201290.57,141.46,15,1,0,1329,213
2024-09-01,2024,Sep,9,Q3,Lubricants,West,Supplier_A,3400,3382,3102,3126,443015.58,398273.29,117.14,12,1,1,3660,510
2024-09-01,2024,Sep,9,Q3,Naphtha,North,Supplier_E,4207,4158,7630,7878,272882.26,228879.46,54.4,7,1,1,4370,631
2024-09-01,2024,Sep,9,Q3,Naphtha,South,Supplier_D,3487,3543,5978,5681,476434.34,450876.28,129.3,16,1,1,3803,523
2024-09-01,2024,Sep,9,Q3,Naphtha,East,Supplier_E,1640,1463,2571,2114,129882.14,119653.9,72.96,4,1,1,1615,246
2024-09-01,2024,Sep,9,Q3,Naphtha,West,Supplier_E,1725,1539,1381,1422,63708.67,54138.6,31.38,10,1,1,1609,258
2024-09-01,2024,Sep,9,Q3,ATF,North,Supplier_A,4530,4480,6882,5833,585637.54,527350.51,116.41,6,1,1,4193,679
2024-09-01,2024,Sep,9,Q3,ATF,South,Supplier_E,3040,3099,4875,5132,347377.77,298975.17,98.35,13,1,1,3115,456
2024-09-01,2024,Sep,9,Q3,ATF,East,Supplier_C,4190,3987,5715,5895,304265.59,246419.06,58.81,12,1,1,4522,628
2024-09-01,2024,Sep,9,Q3,ATF,West,Supplier_C,4669,4011,8661,7284,765399.05,666814.96,142.82,16,0,1,4745,700
2024-10-01,2024,Oct,10,Q4,Diesel HSD,North,Supplier_A,1830,1790,2896,2879,45498.79,36770.54,20.09,14,1,1,1940,274
2024-10-01,2024,Oct,10,Q4,Diesel HSD,South,Supplier_C,4410,4169,5545,5969,264979.91,230158.88,52.19,5,1,1,4511,661
2024-10-01,2024,Oct,10,Q4,Diesel HSD,East,Supplier_C,1979,1818,2808,2414,346643.71,281552.03,142.27,20,1,1,2069,296
2024-10-01,2024,Oct,10,Q4,Diesel HSD,West,Supplier_B,2926,3315,3520,3298,103207.47,94677.61,32.36,6,1,1,3020,438
2024-10-01,2024,Oct,10,Q4,Petrol MS,North,Supplier_B,4060,3917,7482,7186,333042.4,313172.21,77.14,17,1,1,4357,609
2024-10-01,2024,Oct,10,Q4,Petrol MS,South,Supplier_E,1050,929,1653,1443,155800.39,135189.4,128.75,4,1,1,1083,157
2024-10-01,2024,Oct,10,Q4,Petrol MS,East,Supplier_D,2899,2512,3008,2148,327720.21,294374.87,101.54,12,1,0,2781,434
2024-10-01,2024,Oct,10,Q4,Petrol MS,West,Supplier_D,3428,3251,5255,5421,85790.9,75443.99,22.01,8,1,1,3462,514
2024-10-01,2024,Oct,10,Q4,LPG,North,Supplier_A,1481,1478,2485,2268,242517.77,211554.51,142.85,11,1,1,1542,222
2024-10-01,2024,Oct,10,Q4,LPG,South,Supplier_C,3075,3265,4269,3663,483933.42,415249.47,135.04,15,1,1,2957,461
2024-10-01,2024,Oct,10,Q4,LPG,East,Supplier_A,1901,1665,3358,3296,248913.05,219028.26,115.22,19,1,1,1757,285
2024-10-01,2024,Oct,10,Q4,LPG,West,Supplier_A,689,607,911,972,19084.23,17143.56,24.88,6,1,1,706,103
2024-10-01,2024,Oct,10,Q4,Kerosene SKO,North,Supplier_C,3445,3777,5936,5724,242457.69,219915.93,63.84,15,1,1,3428,516
2024-10-01,2024,Oct,10,Q4,Kerosene SKO,South,Supplier_D,2474,2583,2601,2002,423311.18,340347.06,137.57,16,1,1,2397,371
2024-10-01,2024,Oct,10,Q4,Kerosene SKO,East,Supplier_D,905,932,786,838,95221.05,80432.04,88.88,9,1,1,973,135
2024-10-01,2024,Oct,10,Q4,Kerosene SKO,West,Supplier_C,1292,1446,1232,857,165615.74,141452.03,109.48,7,0,1,1204,193
2024-10-01,2024,Oct,10,Q4,Bitumen,North,Supplier_E,1487,1332,2834,2838,204025.6,171185.95,115.12,5,1,1,1468,223
2024-10-01,2024,Oct,10,Q4,Bitumen,South,Supplier_E,1633,1799,1889,1830,73308.38,61739.96,37.81,14,1,1,1783,244
2024-10-01,2024,Oct,10,Q4,Bitumen,East,Supplier_E,3672,3622,6940,5991,495486.57,417267.1,113.63,19,0,1,3571,550
2024-10-01,2024,Oct,10,Q4,Bitumen,West,Supplier_D,1297,1138,2086,1726,169861.79,139390.09,107.47,5,1,1,1245,194
2024-10-01,2024,Oct,10,Q4,Lubricants,North,Supplier_E,3213,3170,6017,5692,503321.3,415875.08,129.44,11,1,1,3422,481
2024-10-01,2024,Oct,10,Q4,Lubricants,South,Supplier_A,545,597,474,443,45566.08,37695.95,69.17,16,1,1,578,81
2024-10-01,2024,Oct,10,Q4,Lubricants,East,Supplier_E,3566,4079,4000,2988,453996.05,398173.24,111.66,17,1,1,3716,534
2024-10-01,2024,Oct,10,Q4,Lubricants,West,Supplier_D,1618,1460,3158,3121,226945.12,200920.49,124.18,7,1,1,1660,242
2024-10-01,2024,Oct,10,Q4,Naphtha,North,Supplier_A,1502,1455,2892,2533,35082.79,31962.69,21.28,4,1,1,1372,225
2024-10-01,2024,Oct,10,Q4,Naphtha,South,Supplier_C,4864,4499,7448,7127,379810.31,331072.61,68.07,19,1,1,5246,729
2024-10-01,2024,Oct,10,Q4,Naphtha,East,Supplier_D,4127,4684,6915,5762,680886.46,556946.38,134.95,8,1,1,4468,619
2024-10-01,2024,Oct,10,Q4,Naphtha,West,Supplier_C,467,458,701,713,78196.65,69337.39,148.47,6,1,0,460,70
2024-10-01,2024,Oct,10,Q4,ATF,North,Supplier_D,701,757,981,856,121528.07,102757.16,146.59,4,1,1,654,105
2024-10-01,2024,Oct,10,Q4,ATF,South,Supplier_B,3718,3291,5896,5201,80092.06,74477.42,20.03,6,1,1,3798,557
2024-10-01,2024,Oct,10,Q4,ATF,East,Supplier_B,657,636,1285,1229,40521.69,37727.79,57.42,12,1,0,594,98
2024-10-01,2024,Oct,10,Q4,ATF,West,Supplier_D,1574,1590,2815,2407,271352.32,224440.9,142.59,5,1,1,1543,236
2024-11-01,2024,Nov,11,Q4,Diesel HSD,North,Supplier_C,4038,3585,5268,4833,312431.37,278301.13,68.92,5,0,1,4159,605
2024-11-01,2024,Nov,11,Q4,Diesel HSD,South,Supplier_E,4744,4457,7427,6550,287580.0,240430.81,50.68,17,1,1,4335,711
2024-11-01,2024,Nov,11,Q4,Diesel HSD,East,Supplier_D,2239,2568,3197,2708,158743.66,142235.58,63.53,8,1,1,2107,335
2024-11-01,2024,Nov,11,Q4,Diesel HSD,West,Supplier_C,3079,3317,4615,4539,342413.41,288538.02,93.71,5,0,1,3021,461
2024-11-01,2024,Nov,11,Q4,Petrol MS,North,Supplier_E,1691,1501,1471,1170,74285.75,68478.62,40.5,14,1,1,1712,253
2024-11-01,2024,Nov,11,Q4,Petrol MS,South,Supplier_B,800,902,1412,1224,46879.06,41917.19,52.4,5,1,0,841,120
2024-11-01,2024,Nov,11,Q4,Petrol MS,East,Supplier_E,739,697,1058,932,28972.9,25447.13,34.43,7,1,1,665,110
2024-11-01,2024,Nov,11,Q4,Petrol MS,West,Supplier_C,2200,2352,2956,2898,173907.06,146935.41,66.79,5,1,1,2410,330
2024-11-01,2024,Nov,11,Q4,LPG,North,Supplier_E,1739,1607,3469,3019,81370.12,75622.42,43.49,14,1,1,1569,260
2024-11-01,2024,Nov,11,Q4,LPG,South,Supplier_E,4060,4035,7221,6104,587819.85,511614.44,126.01,12,1,1,3786,609
2024-11-01,2024,Nov,11,Q4,LPG,East,Supplier_B,1378,1335,1146,917,247886.74,202404.25,146.88,13,1,1,1425,206
2024-11-01,2024,Nov,11,Q4,LPG,West,Supplier_D,3714,4237,6060,5051,199555.34,165707.22,44.62,5,0,1,3496,557
2024-11-01,2024,Nov,11,Q4,Kerosene SKO,North,Supplier_C,1967,1975,2140,1648,227626.69,189239.29,96.21,18,1,1,1957,295
2024-11-01,2024,Nov,11,Q4,Kerosene SKO,South,Supplier_B,3588,3975,6942,7200,266078.61,249667.37,69.58,14,1,1,3361,538
2024-11-01,2024,Nov,11,Q4,Kerosene SKO,East,Supplier_E,478,508,503,488,61946.24,53322.66,111.55,16,1,1,468,71
2024-11-01,2024,Nov,11,Q4,Kerosene SKO,West,Supplier_C,1669,1662,2261,2284,245689.76,211637.71,126.81,18,1,0,1753,250
2024-11-01,2024,Nov,11,Q4,Bitumen,North,Supplier_A,2997,2968,4723,4818,96586.36,79137.51,26.41,14,1,1,3232,449
2024-11-01,2024,Nov,11,Q4,Bitumen,South,Supplier_E,3400,3051,6035,5195,195239.1,171161.15,50.34,6,1,1,3597,510
2024-11-01,2024,Nov,11,Q4,Bitumen,East,Supplier_B,4064,3531,5572,5473,465765.89,402345.25,99.0,4,1,1,4125,609
2024-11-01,2024,Nov,11,Q4,Bitumen,West,Supplier_D,2317,2088,3696,3791,142428.55,124033.96,53.53,15,1,1,2366,347
2024-11-01,2024,Nov,11,Q4,Lubricants,North,Supplier_E,732,779,1277,1263,80663.59,70758.62,96.66,12,1,1,710,109
2024-11-01,2024,Nov,11,Q4,Lubricants,South,Supplier_C,881,749,960,875,69677.45,61136.81,69.39,14,1,1,816,132
2024-11-01,2024,Nov,11,Q4,Lubricants,East,Supplier_B,2278,2326,3901,3354,236548.06,214901.37,94.34,17,1,1,2172,341
2024-11-01,2024,Nov,11,Q4,Lubricants,West,Supplier_D,2286,2154,2186,1682,234215.03,220373.65,96.4,16,1,1,2390,342
2024-11-01,2024,Nov,11,Q4,Naphtha,North,Supplier_A,3459,3220,3625,3492,278368.11,256340.31,74.11,16,0,1,3280,518
2024-11-01,2024,Nov,11,Q4,Naphtha,South,Supplier_A,505,446,825,762,77788.28,72138.25,142.85,5,1,1,529,75
2024-11-01,2024,Nov,11,Q4,Naphtha,East,Supplier_C,3942,3670,6954,7341,236933.52,208319.68,52.85,17,1,1,3721,591
2024-11-01,2024,Nov,11,Q4,Naphtha,West,Supplier_B,1104,955,2085,2072,137685.45,119258.31,108.02,9,0,1,1048,165
2024-11-01,2024,Nov,11,Q4,ATF,North,Supplier_D,488,520,838,709,46440.28,42360.28,86.8,6,1,1,484,73
2024-11-01,2024,Nov,11,Q4,ATF,South,Supplier_C,2775,2598,3329,2969,111509.91,105751.28,38.11,14,1,1,3011,416
2024-11-01,2024,Nov,11,Q4,ATF,East,Supplier_E,3586,3837,2870,2649,552369.4,498714.31,139.07,20,1,1,3262,537
2024-11-01,2024,Nov,11,Q4,ATF,West,Supplier_E,2751,3100,3710,3815,246023.86,216784.45,78.8,7,1,1,2488,412
2024-12-01,2024,Dec,12,Q4,Diesel HSD,North,Supplier_C,1184,1145,1830,1933,43189.24,38288.23,32.34,11,1,1,1107,177
2024-12-01,2024,Dec,12,Q4,Diesel HSD,South,Supplier_C,4458,4418,8263,7970,581065.34,479881.3,107.64,10,1,1,4728,668
2024-12-01,2024,Dec,12,Q4,Diesel HSD,East,Supplier_B,3080,2724,6046,6304,217665.5,204730.85,66.47,14,1,1,2949,462
2024-12-01,2024,Dec,12,Q4,Diesel HSD,West,Supplier_E,496,484,971,957,67611.51,60991.04,122.97,12,1,1,466,74
2024-12-01,2024,Dec,12,Q4,Petrol MS,North,Supplier_E,3878,3499,4026,3298,641585.05,581355.3,149.91,20,1,1,3657,581
2024-12-01,2024,Dec,12,Q4,Petrol MS,South,Supplier_C,2316,2290,3159,3273,318102.89,275983.54,119.16,5,1,1,2388,347
2024-12-01,2024,Dec,12,Q4,Petrol MS,East,Supplier_B,1063,1072,1294,1196,126775.67,111827.4,105.2,12,1,1,1090,159
2024-12-01,2024,Dec,12,Q4,Petrol MS,West,Supplier_B,1786,1861,3309,3071,308711.49,247239.63,138.43,16,0,0,1642,267
2024-12-01,2024,Dec,12,Q4,LPG,North,Supplier_D,4060,3575,7362,7089,708309.75,601646.42,148.19,4,1,1,3864,609
2024-12-01,2024,Dec,12,Q4,LPG,South,Supplier_C,627,574,527,441,43760.52,36112.13,57.6,12,1,1,609,94
2024-12-01,2024,Dec,12,Q4,LPG,East,Supplier_B,2978,3025,4156,3627,488711.51,418518.71,140.54,14,1,1,3252,446
2024-12-01,2024,Dec,12,Q4,LPG,West,Supplier_C,1824,1844,1904,1470,278781.69,245245.64,134.45,10,0,1,1704,273
2024-12-01,2024,Dec,12,Q4,Kerosene SKO,North,Supplier_B,620,703,597,534,31502.12,29662.61,47.84,19,1,1,559,93
2024-12-01,2024,Dec,12,Q4,Kerosene SKO,South,Supplier_E,762,849,970,950,66662.35,56507.63,74.16,9,1,1,786,114
2024-12-01,2024,Dec,12,Q4,Kerosene SKO,East,Supplier_D,2359,2212,1903,1550,82035.64,66549.44,28.21,5,1,1,2419,353
2024-12-01,2024,Dec,12,Q4,Kerosene SKO,West,Supplier_D,486,521,682,549,67143.54,55435.83,114.07,4,1,1,523,72
2024-12-01,2024,Dec,12,Q4,Bitumen,North,Supplier_D,2858,3022,5315,5024,208381.46,173545.18,60.72,3,0,1,2928,428
2024-12-01,2024,Dec,12,Q4,Bitumen,South,Supplier_A,3241,3031,3277,3268,195110.6,171024.61,52.77,9,1,1,2995,486
2024-12-01,2024,Dec,12,Q4,Bitumen,East,Supplier_A,1262,1299,1643,1482,39314.21,34088.18,27.01,6,1,1,1161,189
2024-12-01,2024,Dec,12,Q4,Bitumen,West,Supplier_A,2721,2518,2743,2969,391004.63,356723.84,131.1,18,1,1,2887,408
2024-12-01,2024,Dec,12,Q4,Lubricants,North,Supplier_E,3205,3497,5609,4810,249500.14,230159.7,71.81,9,1,1,3227,480
2024-12-01,2024,Dec,12,Q4,Lubricants,South,Supplier_D,2564,2264,2908,2930,204114.91,168356.59,65.66,15,1,1,2315,384
2024-12-01,2024,Dec,12,Q4,Lubricants,East,Supplier_D,2708,2373,4337,4494,80324.79,74503.76,27.51,18,1,1,2699,406
2024-12-01,2024,Dec,12,Q4,Lubricants,West,Supplier_D,3163,3156,3817,3053,348527.17,290303.01,91.78,16,1,1,2924,474
2024-12-01,2024,Dec,12,Q4,Naphtha,North,Supplier_D,3618,3169,3052,2864,224961.22,210778.13,58.26,9,1,1,3316,542
2024-12-01,2024,Dec,12,Q4,Naphtha,South,Supplier_E,1692,1929,2780,2364,141444.78,125496.2,74.17,8,1,1,1543,253
2024-12-01,2024,Dec,12,Q4,Naphtha,East,Supplier_E,3152,3416,5043,4486,221210.69,182870.95,58.02,19,1,1,3189,472
2024-12-01,2024,Dec,12,Q4,Naphtha,West,Supplier_E,555,474,931,971,66580.77,58516.81,105.44,12,0,1,502,83
2024-12-01,2024,Dec,12,Q4,ATF,North,Supplier_C,3544,4069,4621,4419,135927.41,119146.2,33.62,10,1,1,3702,531
2024-12-01,2024,Dec,12,Q4,ATF,South,Supplier_E,1092,1140,1332,1404,48389.5,40859.07,37.42,9,0,1,1003,163
2024-12-01,2024,Dec,12,Q4,ATF,East,Supplier_D,2273,2489,4363,4534,365851.65,315584.09,138.84,8,1,1,2227,340
2024-12-01,2024,Dec,12,Q4,ATF,West,Supplier_A,2137,2349,4223,4004,48979.18,45434.86,21.26,10,1,1,2326,320
